[2026-08-15 06:37:35] production.ERROR: The D:\tasks\Hamdan(FullStack_Internship_At_HindukushSoft Technologies)\internship ( HindukushSoft Technologies )\Week6\Day29\bootstrap\cache directory must be present and writable. {"exception":"[object] (Exception(code: 0): The D:\\tasks\\Hamdan(FullStack_Internship_At_HindukushSoft Technologies)\\internship ( HindukushSoft Technologies )\\Week6\\Day29\\bootstrap\\cache directory must be present and writable. at D:/tasks/Hamdan(FullStack_Internship_At_HindukushSoft Technologies)/internship ( HindukushSoft Technologies )/Week6/Day29/vendor/laravel/framework/src/Illuminate/Foundation/PackageManifest.php:179)
[stacktrace]
#0 D:/tasks/Hamdan(FullStack_Internship_At_HindukushSoft Technologies)/internship ( HindukushSoft Technologies )/Week6/Day29/vendor/laravel/framework/src/Illuminate/Foundation/PackageManifest.php(132): Illuminate/Foundation/PackageManifest->write(Array)
#1 D:/tasks/Hamdan(FullStack_Internship_At_HindukushSoft Technologies)/internship ( HindukushSoft Technologies )/Week6/Day29/vendor/laravel/framework/src/Illuminate/Foundation/PackageManifest.php(108): Illuminate/Foundation/PackageManifest->build()
#2 D:/tasks/Hamdan(FullStack_Internship_At_HindukushSoft Technologies)/internship ( HindukushSoft Technologies )/Week6/Day29/vendor/laravel/framework/src/Illuminate/Foundation/PackageManifest.php(90): Illuminate/Foundation/PackageManifest->getManifest()
#3 D:/tasks/Hamdan(FullStack_Internship_At_HindukushSoft Technologies)/internship ( HindukushSoft Technologies )/Week6/Day29/vendor/laravel/framework/src/Illuminate/Foundation/PackageManifest.php(79): Illuminate/Foundation/PackageManifest->config('aliases')
#4 D:/tasks/Hamdan(FullStack_Internship_At_HindukushSoft Technologies)/internship ( HindukushSoft Technologies )/Week6/Day29/vendor/laravel/framework/src/Illuminate/Foundation/Bootstrap/RegisterFacades.php(26): Illuminate/Foundation/PackageManifest->aliases()
#5 D:/tasks/Hamdan(FullStack_Internship_At_HindukushSoft Technologies)/internship ( HindukushSoft Technologies )/Week6/Day29/vendor/laravel/framework/src/Illuminate/Foundation/Application.php(342): Illuminate/Foundation/Bootstrap/RegisterFacades->bootstrap(Object(Illuminate/Foundation/Application))
#6 D:/tasks/Hamdan(FullStack_Internship_At_HindukushSoft Technologies)/internship ( HindukushSoft Technologies )/Week6/Day29/vendor/laravel/framework/src/Illuminate/Foundation/Console/Kernel.php(494): Illuminate/Foundation/Application->bootstrapWith(Array)
#7 D:/tasks/Hamdan(FullStack_Internship_At_HindukushSoft Technologies)/internship ( HindukushSoft Technologies )/Week6/Day29/vendor/laravel/framework/src/Illuminate/Foundation/Console/Kernel.php(196): Illuminate/Foundation/Console/Kernel->bootstrap()
#8 D:/tasks/Hamdan(FullStack_Internship_At_HindukushSoft Technologies)/internship ( HindukushSoft Technologies )/Week6/Day29/vendor/laravel/framework/src/Illuminate/Foundation/Application.php(1235): Illuminate/Foundation/Console/Kernel->handle(Object(Symfony/Component/Console/Input/ArgvInput), Object(Symfony/Component/Console/Output/ConsoleOutput))
#9 D:/tasks/Hamdan(FullStack_Internship_At_HindukushSoft Technologies)/internship ( HindukushSoft Technologies )/Week6/Day29/artisan(16): Illuminate/Foundation/Application->handleCommand(Object(Symfony/Component/Console/Input/ArgvInput))
#10 {main}
"} 
[2026-08-15 06:51:40] local.ERROR: Class "App\Http\Controllers\Controller" not found {"exception":"[object] (Error(code: 0): Class \"App\\Http\\Controllers\\Controller\" not found at D:/tasks/Hamdan(FullStack_Internship_At_HindukushSoft Technologies)/internship ( HindukushSoft Technologies )/Week6/Day29/app/Http/Controllers/TaskController.php:4)
[stacktrace]
#0 D:/tasks/Hamdan(FullStack_Internship_At_HindukushSoft Technologies)/internship ( HindukushSoft Technologies )/Week6/Day29/vendor/composer/ClassLoader.php(576): include()
#1 D:/tasks/Hamdan(FullStack_Internship_At_HindukushSoft Technologies)/internship ( HindukushSoft Technologies )/Week6/Day29/vendor/composer/ClassLoader.php(427): Composer/Autoload/{closure}('D://tasks//Hamdan...')
#2 [internal function]: Composer/Autoload/ClassLoader->loadClass('App//Http//Contro...')
#3 D:/tasks/Hamdan(FullStack_Internship_At_HindukushSoft Technologies)/internship ( HindukushSoft Technologies )/Week6/Day29/vendor/laravel/framework/src/Illuminate/Routing/Route.php(1125): is_a('App//Http//Contro...', 'Illuminate//Rout...', true)
#4 D:/tasks/Hamdan(FullStack_Internship_At_HindukushSoft Technologies)/internship ( HindukushSoft Technologies )/Week6/Day29/vendor/laravel/framework/src/Illuminate/Routing/Route.php(1062): Illuminate/Routing/Route->controllerMiddleware()
#5 D:/tasks/Hamdan(FullStack_Internship_At_HindukushSoft Technologies)/internship ( HindukushSoft Technologies )/Week6/Day29/vendor/laravel/framework/src/Illuminate/Routing/Router.php(834): Illuminate/Routing/Route->gatherMiddleware()
#6 D:/tasks/Hamdan(FullStack_Internship_At_HindukushSoft Technologies)/internship ( HindukushSoft Technologies )/Week6/Day29/vendor/laravel/framework/src/Illuminate/Foundation/Console/RouteListCommand.php(212): Illuminate/Routing/Router->gatherRouteMiddleware(Object(Illuminate/Routing/Route))
#7 D:/tasks/Hamdan(FullStack_Internship_At_HindukushSoft Technologies)/internship ( HindukushSoft Technologies )/Week6/Day29/vendor/laravel/framework/src/Illuminate/Foundation/Console/RouteListCommand.php(148): Illuminate/Foundation/Console/RouteListCommand->getMiddleware(Object(Illuminate/Routing/Route))
#8 D:/tasks/Hamdan(FullStack_Internship_At_HindukushSoft Technologies)/internship ( HindukushSoft Technologies )/Week6/Day29/vendor/laravel/framework/src/Illuminate/Foundation/Console/RouteListCommand.php(117): Illuminate/Foundation/Console/RouteListCommand->getRouteInformation(Object(Illuminate/Routing/Route))
#9 [internal function]: Illuminate/Foundation/Console/RouteListCommand->Illuminate/Foundation/Console/{closure}(Object(Illuminate/Routing/Route), 2)
#10 D:/tasks/Hamdan(FullStack_Internship_At_HindukushSoft Technologies)/internship ( HindukushSoft Technologies )/Week6/Day29/vendor/laravel/framework/src/Illuminate/Collections/Arr.php(841): array_map(Object(Closure), Array, Array)
#11 D:/tasks/Hamdan(FullStack_Internship_At_HindukushSoft Technologies)/internship ( HindukushSoft Technologies )/Week6/Day29/vendor/laravel/framework/src/Illuminate/Collections/Collection.php(829): Illuminate/Support/Arr::map(Array, Object(Closure))
#12 D:/tasks/Hamdan(FullStack_Internship_At_HindukushSoft Technologies)/internship ( HindukushSoft Technologies )/Week6/Day29/vendor/laravel/framework/src/Illuminate/Foundation/Console/RouteListCommand.php(117): Illuminate/Support/Collection->map(Object(Closure))
#13 D:/tasks/Hamdan(FullStack_Internship_At_HindukushSoft Technologies)/internship ( HindukushSoft Technologies )/Week6/Day29/vendor/laravel/framework/src/Illuminate/Foundation/Console/RouteListCommand.php(102): Illuminate/Foundation/Console/RouteListCommand->getRoutes()
#14 D:/tasks/Hamdan(FullStack_Internship_At_HindukushSoft Technologies)/internship ( HindukushSoft Technologies )/Week6/Day29/vendor/laravel/framework/src/Illuminate/Container/BoundMethod.php(36): Illuminate/Foundation/Console/RouteListCommand->handle()
#15 D:/tasks/Hamdan(FullStack_Internship_At_HindukushSoft Technologies)/internship ( HindukushSoft Technologies )/Week6/Day29/vendor/laravel/framework/src/Illuminate/Container/Util.php(43): Illuminate/Container/BoundMethod::Illuminate/Container/{closure}()
#16 D:/tasks/Hamdan(FullStack_Internship_At_HindukushSoft Technologies)/internship ( HindukushSoft Technologies )/Week6/Day29/vendor/laravel/framework/src/Illuminate/Container/BoundMethod.php(96): Illuminate/Container/Util::unwrapIfClosure(Object(Closure))
#17 D:/tasks/Hamdan(FullStack_Internship_At_HindukushSoft Technologies)/internship ( HindukushSoft Technologies )/Week6/Day29/vendor/laravel/framework/src/Illuminate/Container/BoundMethod.php(35): Illuminate/Container/BoundMethod::callBoundMethod(Object(Illuminate/Foundation/Application), Array, Object(Closure))
#18 D:/tasks/Hamdan(FullStack_Internship_At_HindukushSoft Technologies)/internship ( HindukushSoft Technologies )/Week6/Day29/vendor/laravel/framework/src/Illuminate/Container/Container.php(799): Illuminate/Container/BoundMethod::call(Object(Illuminate/Foundation/Application), Array, Array, NULL)
#19 D:/tasks/Hamdan(FullStack_Internship_At_HindukushSoft Technologies)/internship ( HindukushSoft Technologies )/Week6/Day29/vendor/laravel/framework/src/Illuminate/Console/Command.php(211): Illuminate/Container/Container->call(Array)
#20 D:/tasks/Hamdan(FullStack_Internship_At_HindukushSoft Technologies)/internship ( HindukushSoft Technologies )/Week6/Day29/vendor/symfony/console/Command/Command.php(341): Illuminate/Console/Command->execute(Object(Symfony/Component/Console/Input/ArgvInput), Object(Illuminate/Console/OutputStyle))
#21 D:/tasks/Hamdan(FullStack_Internship_At_HindukushSoft Technologies)/internship ( HindukushSoft Technologies )/Week6/Day29/vendor/laravel/framework/src/Illuminate/Console/Command.php(180): Symfony/Component/Console/Command/Command->run(Object(Symfony/Component/Console/Input/ArgvInput), Object(Illuminate/Console/OutputStyle))
#22 D:/tasks/Hamdan(FullStack_Internship_At_HindukushSoft Technologies)/internship ( HindukushSoft Technologies )/Week6/Day29/vendor/symfony/console/Application.php(1117): Illuminate/Console/Command->run(Object(Symfony/Component/Console/Input/ArgvInput), Object(Symfony/Component/Console/Output/ConsoleOutput))
#23 D:/tasks/Hamdan(FullStack_Internship_At_HindukushSoft Technologies)/internship ( HindukushSoft Technologies )/Week6/Day29/vendor/symfony/console/Application.php(356): Symfony/Component/Console/Application->doRunCommand(Object(Illuminate/Foundation/Console/RouteListCommand), Object(Symfony/Component/Console/Input/ArgvInput), Object(Symfony/Component/Console/Output/ConsoleOutput))
#24 D:/tasks/Hamdan(FullStack_Internship_At_HindukushSoft Technologies)/internship ( HindukushSoft Technologies )/Week6/Day29/vendor/symfony/console/Application.php(195): Symfony/Component/Console/Application->doRun(Object(Symfony/Component/Console/Input/ArgvInput), Object(Symfony/Component/Console/Output/ConsoleOutput))
#25 D:/tasks/Hamdan(FullStack_Internship_At_HindukushSoft Technologies)/internship ( HindukushSoft Technologies )/Week6/Day29/vendor/laravel/framework/src/Illuminate/Foundation/Console/Kernel.php(198): Symfony/Component/Console/Application->run(Object(Symfony/Component/Console/Input/ArgvInput), Object(Symfony/Component/Console/Output/ConsoleOutput))
#26 D:/tasks/Hamdan(FullStack_Internship_At_HindukushSoft Technologies)/internship ( HindukushSoft Technologies )/Week6/Day29/vendor/laravel/framework/src/Illuminate/Foundation/Application.php(1235): Illuminate/Foundation/Console/Kernel->handle(Object(Symfony/Component/Console/Input/ArgvInput), Object(Symfony/Component/Console/Output/ConsoleOutput))
#27 D:/tasks/Hamdan(FullStack_Internship_At_HindukushSoft Technologies)/internship ( HindukushSoft Technologies )/Week6/Day29/artisan(16): Illuminate/Foundation/Application->handleCommand(Object(Symfony/Component/Console/Input/ArgvInput))
#28 {main}
"} 
[2026-08-18 08:12:09] local.ERROR: SQLSTATE[42S02]: Base table or view not found: 1146 Table 'week6_day29.cache' doesn't exist (Connection: mysql, Host: 127.0.0.1, Port: 3306, Database: week6_day29, SQL: delete from `cache`) {"exception":"[object] (Illuminate\\Database\\QueryException(code: 42S02): SQLSTATE[42S02]: Base table or view not found: 1146 Table 'week6_day29.cache' doesn't exist (Connection: mysql, Host: 127.0.0.1, Port: 3306, Database: week6_day29, SQL: delete from `cache`) at D:/tasks/Hamdan(FullStack_Internship_At_HindukushSoft Technologies)/internship ( HindukushSoft Technologies )/Week6/Day29/vendor/laravel/framework/src/Illuminate/Database/Connection.php:838)
[stacktrace]
#0 D:/tasks/Hamdan(FullStack_Internship_At_HindukushSoft Technologies)/internship ( HindukushSoft Technologies )/Week6/Day29/vendor/laravel/framework/src/Illuminate/Database/Connection.php(794): Illuminate/Database/Connection->runQueryCallback('delete from `ca...', Array, Object(Closure))
#1 D:/tasks/Hamdan(FullStack_Internship_At_HindukushSoft Technologies)/internship ( HindukushSoft Technologies )/Week6/Day29/vendor/laravel/framework/src/Illuminate/Database/Connection.php(597): Illuminate/Database/Connection->run('delete from `ca...', Array, Object(Closure))
#2 D:/tasks/Hamdan(FullStack_Internship_At_HindukushSoft Technologies)/internship ( HindukushSoft Technologies )/Week6/Day29/vendor/laravel/framework/src/Illuminate/Database/Connection.php(561): Illuminate/Database/Connection->affectingStatement('delete from `ca...', Array)
#3 D:/tasks/Hamdan(FullStack_Internship_At_HindukushSoft Technologies)/internship ( HindukushSoft Technologies )/Week6/Day29/vendor/laravel/framework/src/Illuminate/Database/Query/Builder.php(4426): Illuminate/Database/Connection->delete('delete from `ca...', Array)
#4 D:/tasks/Hamdan(FullStack_Internship_At_HindukushSoft Technologies)/internship ( HindukushSoft Technologies )/Week6/Day29/vendor/laravel/framework/src/Illuminate/Cache/DatabaseStore.php(433): Illuminate/Database/Query/Builder->delete()
#5 D:/tasks/Hamdan(FullStack_Internship_At_HindukushSoft Technologies)/internship ( HindukushSoft Technologies )/Week6/Day29/vendor/laravel/framework/src/Illuminate/Cache/Repository.php(979): Illuminate/Cache/DatabaseStore->flush()
#6 D:/tasks/Hamdan(FullStack_Internship_At_HindukushSoft Technologies)/internship ( HindukushSoft Technologies )/Week6/Day29/vendor/laravel/framework/src/Illuminate/Cache/Console/ClearCommand.php(68): Illuminate/Cache/Repository->__call('flush', Array)
#7 D:/tasks/Hamdan(FullStack_Internship_At_HindukushSoft Technologies)/internship ( HindukushSoft Technologies )/Week6/Day29/vendor/laravel/framework/src/Illuminate/Container/BoundMethod.php(36): Illuminate/Cache/Console/ClearCommand->handle()
#8 D:/tasks/Hamdan(FullStack_Internship_At_HindukushSoft Technologies)/internship ( HindukushSoft Technologies )/Week6/Day29/vendor/laravel/framework/src/Illuminate/Container/Util.php(43): Illuminate/Container/BoundMethod::Illuminate/Container/{closure}()
#9 D:/tasks/Hamdan(FullStack_Internship_At_HindukushSoft Technologies)/internship ( HindukushSoft Technologies )/Week6/Day29/vendor/laravel/framework/src/Illuminate/Container/BoundMethod.php(96): Illuminate/Container/Util::unwrapIfClosure(Object(Closure))
#10 D:/tasks/Hamdan(FullStack_Internship_At_HindukushSoft Technologies)/internship ( HindukushSoft Technologies )/Week6/Day29/vendor/laravel/framework/src/Illuminate/Container/BoundMethod.php(35): Illuminate/Container/BoundMethod::callBoundMethod(Object(Illuminate/Foundation/Application), Array, Object(Closure))
#11 D:/tasks/Hamdan(FullStack_Internship_At_HindukushSoft Technologies)/internship ( HindukushSoft Technologies )/Week6/Day29/vendor/laravel/framework/src/Illuminate/Container/Container.php(799): Illuminate/Container/BoundMethod::call(Object(Illuminate/Foundation/Application), Array, Array, NULL)
#12 D:/tasks/Hamdan(FullStack_Internship_At_HindukushSoft Technologies)/internship ( HindukushSoft Technologies )/Week6/Day29/vendor/laravel/framework/src/Illuminate/Console/Command.php(211): Illuminate/Container/Container->call(Array)
#13 D:/tasks/Hamdan(FullStack_Internship_At_HindukushSoft Technologies)/internship ( HindukushSoft Technologies )/Week6/Day29/vendor/symfony/console/Command/Command.php(341): Illuminate/Console/Command->execute(Object(Symfony/Component/Console/Input/ArrayInput), Object(Illuminate/Console/OutputStyle))
#14 D:/tasks/Hamdan(FullStack_Internship_At_HindukushSoft Technologies)/internship ( HindukushSoft Technologies )/Week6/Day29/vendor/laravel/framework/src/Illuminate/Console/Command.php(180): Symfony/Component/Console/Command/Command->run(Object(Symfony/Component/Console/Input/ArrayInput), Object(Illuminate/Console/OutputStyle))
#15 D:/tasks/Hamdan(FullStack_Internship_At_HindukushSoft Technologies)/internship ( HindukushSoft Technologies )/Week6/Day29/vendor/laravel/framework/src/Illuminate/Console/Concerns/CallsCommands.php(68): Illuminate/Console/Command->run(Object(Symfony/Component/Console/Input/ArrayInput), Object(Symfony/Component/Console/Output/NullOutput))
#16 D:/tasks/Hamdan(FullStack_Internship_At_HindukushSoft Technologies)/internship ( HindukushSoft Technologies )/Week6/Day29/vendor/laravel/framework/src/Illuminate/Console/Concerns/CallsCommands.php(41): Illuminate/Console/Command->runCommand('cache:clear', Array, Object(Symfony/Component/Console/Output/NullOutput))
#17 D:/tasks/Hamdan(FullStack_Internship_At_HindukushSoft Technologies)/internship ( HindukushSoft Technologies )/Week6/Day29/vendor/laravel/framework/src/Illuminate/Console/Concerns/CallsCommands.php(53): Illuminate/Console/Command->callSilent('cache:clear', Array)
#18 D:/tasks/Hamdan(FullStack_Internship_At_HindukushSoft Technologies)/internship ( HindukushSoft Technologies )/Week6/Day29/vendor/laravel/framework/src/Illuminate/Foundation/Console/OptimizeClearCommand.php(48): Illuminate/Console/Command->callSilently('cache:clear')
#19 D:/tasks/Hamdan(FullStack_Internship_At_HindukushSoft Technologies)/internship ( HindukushSoft Technologies )/Week6/Day29/vendor/laravel/framework/src/Illuminate/Console/View/Components/Task.php(41): Illuminate/Foundation/Console/OptimizeClearCommand->Illuminate/Foundation/Console/{closure}()
#20 D:/tasks/Hamdan(FullStack_Internship_At_HindukushSoft Technologies)/internship ( HindukushSoft Technologies )/Week6/Day29/vendor/laravel/framework/src/Illuminate/Console/View/Components/Factory.php(59): Illuminate/Console/View/Components/Task->render('cache', Object(Closure))
#21 D:/tasks/Hamdan(FullStack_Internship_At_HindukushSoft Technologies)/internship ( HindukushSoft Technologies )/Week6/Day29/vendor/laravel/framework/src/Illuminate/Foundation/Console/OptimizeClearCommand.php(48): Illuminate/Console/View/Components/Factory->__call('task', Array)
#22 D:/tasks/Hamdan(FullStack_Internship_At_HindukushSoft Technologies)/internship ( HindukushSoft Technologies )/Week6/Day29/vendor/laravel/framework/src/Illuminate/Container/BoundMethod.php(36): Illuminate/Foundation/Console/OptimizeClearCommand->handle()
#23 D:/tasks/Hamdan(FullStack_Internship_At_HindukushSoft Technologies)/internship ( HindukushSoft Technologies )/Week6/Day29/vendor/laravel/framework/src/Illuminate/Container/Util.php(43): Illuminate/Container/BoundMethod::Illuminate/Container/{closure}()
#24 D:/tasks/Hamdan(FullStack_Internship_At_HindukushSoft Technologies)/internship ( HindukushSoft Technologies )/Week6/Day29/vendor/laravel/framework/src/Illuminate/Container/BoundMethod.php(96): Illuminate/Container/Util::unwrapIfClosure(Object(Closure))
#25 D:/tasks/Hamdan(FullStack_Internship_At_HindukushSoft Technologies)/internship ( HindukushSoft Technologies )/Week6/Day29/vendor/laravel/framework/src/Illuminate/Container/BoundMethod.php(35): Illuminate/Container/BoundMethod::callBoundMethod(Object(Illuminate/Foundation/Application), Array, Object(Closure))
#26 D:/tasks/Hamdan(FullStack_Internship_At_HindukushSoft Technologies)/internship ( HindukushSoft Technologies )/Week6/Day29/vendor/laravel/framework/src/Illuminate/Container/Container.php(799): Illuminate/Container/BoundMethod::call(Object(Illuminate/Foundation/Application), Array, Array, NULL)
#27 D:/tasks/Hamdan(FullStack_Internship_At_HindukushSoft Technologies)/internship ( HindukushSoft Technologies )/Week6/Day29/vendor/laravel/framework/src/Illuminate/Console/Command.php(211): Illuminate/Container/Container->call(Array)
#28 D:/tasks/Hamdan(FullStack_Internship_At_HindukushSoft Technologies)/internship ( HindukushSoft Technologies )/Week6/Day29/vendor/symfony/console/Command/Command.php(341): Illuminate/Console/Command->execute(Object(Symfony/Component/Console/Input/ArgvInput), Object(Illuminate/Console/OutputStyle))
#29 D:/tasks/Hamdan(FullStack_Internship_At_HindukushSoft Technologies)/internship ( HindukushSoft Technologies )/Week6/Day29/vendor/laravel/framework/src/Illuminate/Console/Command.php(180): Symfony/Component/Console/Command/Command->run(Object(Symfony/Component/Console/Input/ArgvInput), Object(Illuminate/Console/OutputStyle))
#30 D:/tasks/Hamdan(FullStack_Internship_At_HindukushSoft Technologies)/internship ( HindukushSoft Technologies )/Week6/Day29/vendor/symfony/console/Application.php(1117): Illuminate/Console/Command->run(Object(Symfony/Component/Console/Input/ArgvInput), Object(Symfony/Component/Console/Output/ConsoleOutput))
#31 D:/tasks/Hamdan(FullStack_Internship_At_HindukushSoft Technologies)/internship ( HindukushSoft Technologies )/Week6/Day29/vendor/symfony/console/Application.php(356): Symfony/Component/Console/Application->doRunCommand(Object(Illuminate/Foundation/Console/OptimizeClearCommand), Object(Symfony/Component/Console/Input/ArgvInput), Object(Symfony/Component/Console/Output/ConsoleOutput))
#32 D:/tasks/Hamdan(FullStack_Internship_At_HindukushSoft Technologies)/internship ( HindukushSoft Technologies )/Week6/Day29/vendor/symfony/console/Application.php(195): Symfony/Component/Console/Application->doRun(Object(Symfony/Component/Console/Input/ArgvInput), Object(Symfony/Component/Console/Output/ConsoleOutput))
#33 D:/tasks/Hamdan(FullStack_Internship_At_HindukushSoft Technologies)/internship ( HindukushSoft Technologies )/Week6/Day29/vendor/laravel/framework/src/Illuminate/Foundation/Console/Kernel.php(198): Symfony/Component/Console/Application->run(Object(Symfony/Component/Console/Input/ArgvInput), Object(Symfony/Component/Console/Output/ConsoleOutput))
#34 D:/tasks/Hamdan(FullStack_Internship_At_HindukushSoft Technologies)/internship ( HindukushSoft Technologies )/Week6/Day29/vendor/laravel/framework/src/Illuminate/Foundation/Application.php(1235): Illuminate/Foundation/Console/Kernel->handle(Object(Symfony/Component/Console/Input/ArgvInput), Object(Symfony/Component/Console/Output/ConsoleOutput))
#35 D:/tasks/Hamdan(FullStack_Internship_At_HindukushSoft Technologies)/internship ( HindukushSoft Technologies )/Week6/Day29/artisan(16): Illuminate/Foundation/Application->handleCommand(Object(Symfony/Component/Console/Input/ArgvInput))
#36 {main}

[previous exception] [object] (PDOException(code: 42S02): SQLSTATE[42S02]: Base table or view not found: 1146 Table 'week6_day29.cache' doesn't exist at D:/tasks/Hamdan(FullStack_Internship_At_HindukushSoft Technologies)/internship ( HindukushSoft Technologies )/Week6/Day29/vendor/laravel/framework/src/Illuminate/Database/Connection.php:605)
[stacktrace]
#0 D:/tasks/Hamdan(FullStack_Internship_At_HindukushSoft Technologies)/internship ( HindukushSoft Technologies )/Week6/Day29/vendor/laravel/framework/src/Illuminate/Database/Connection.php(605): PDO->prepare('delete from `ca...')
#1 D:/tasks/Hamdan(FullStack_Internship_At_HindukushSoft Technologies)/internship ( HindukushSoft Technologies )/Week6/Day29/vendor/laravel/framework/src/Illuminate/Database/Connection.php(827): Illuminate/Database/Connection->Illuminate/Database/{closure}('delete from `ca...', Array)
#2 D:/tasks/Hamdan(FullStack_Internship_At_HindukushSoft Technologies)/internship ( HindukushSoft Technologies )/Week6/Day29/vendor/laravel/framework/src/Illuminate/Database/Connection.php(794): Illuminate/Database/Connection->runQueryCallback('delete from `ca...', Array, Object(Closure))
#3 D:/tasks/Hamdan(FullStack_Internship_At_HindukushSoft Technologies)/internship ( HindukushSoft Technologies )/Week6/Day29/vendor/laravel/framework/src/Illuminate/Database/Connection.php(597): Illuminate/Database/Connection->run('delete from `ca...', Array, Object(Closure))
#4 D:/tasks/Hamdan(FullStack_Internship_At_HindukushSoft Technologies)/internship ( HindukushSoft Technologies )/Week6/Day29/vendor/laravel/framework/src/Illuminate/Database/Connection.php(561): Illuminate/Database/Connection->affectingStatement('delete from `ca...', Array)
#5 D:/tasks/Hamdan(FullStack_Internship_At_HindukushSoft Technologies)/internship ( HindukushSoft Technologies )/Week6/Day29/vendor/laravel/framework/src/Illuminate/Database/Query/Builder.php(4426): Illuminate/Database/Connection->delete('delete from `ca...', Array)
#6 D:/tasks/Hamdan(FullStack_Internship_At_HindukushSoft Technologies)/internship ( HindukushSoft Technologies )/Week6/Day29/vendor/laravel/framework/src/Illuminate/Cache/DatabaseStore.php(433): Illuminate/Database/Query/Builder->delete()
#7 D:/tasks/Hamdan(FullStack_Internship_At_HindukushSoft Technologies)/internship ( HindukushSoft Technologies )/Week6/Day29/vendor/laravel/framework/src/Illuminate/Cache/Repository.php(979): Illuminate/Cache/DatabaseStore->flush()
#8 D:/tasks/Hamdan(FullStack_Internship_At_HindukushSoft Technologies)/internship ( HindukushSoft Technologies )/Week6/Day29/vendor/laravel/framework/src/Illuminate/Cache/Console/ClearCommand.php(68): Illuminate/Cache/Repository->__call('flush', Array)
#9 D:/tasks/Hamdan(FullStack_Internship_At_HindukushSoft Technologies)/internship ( HindukushSoft Technologies )/Week6/Day29/vendor/laravel/framework/src/Illuminate/Container/BoundMethod.php(36): Illuminate/Cache/Console/ClearCommand->handle()
#10 D:/tasks/Hamdan(FullStack_Internship_At_HindukushSoft Technologies)/internship ( HindukushSoft Technologies )/Week6/Day29/vendor/laravel/framework/src/Illuminate/Container/Util.php(43): Illuminate/Container/BoundMethod::Illuminate/Container/{closure}()
#11 D:/tasks/Hamdan(FullStack_Internship_At_HindukushSoft Technologies)/internship ( HindukushSoft Technologies )/Week6/Day29/vendor/laravel/framework/src/Illuminate/Container/BoundMethod.php(96): Illuminate/Container/Util::unwrapIfClosure(Object(Closure))
#12 D:/tasks/Hamdan(FullStack_Internship_At_HindukushSoft Technologies)/internship ( HindukushSoft Technologies )/Week6/Day29/vendor/laravel/framework/src/Illuminate/Container/BoundMethod.php(35): Illuminate/Container/BoundMethod::callBoundMethod(Object(Illuminate/Foundation/Application), Array, Object(Closure))
#13 D:/tasks/Hamdan(FullStack_Internship_At_HindukushSoft Technologies)/internship ( HindukushSoft Technologies )/Week6/Day29/vendor/laravel/framework/src/Illuminate/Container/Container.php(799): Illuminate/Container/BoundMethod::call(Object(Illuminate/Foundation/Application), Array, Array, NULL)
#14 D:/tasks/Hamdan(FullStack_Internship_At_HindukushSoft Technologies)/internship ( HindukushSoft Technologies )/Week6/Day29/vendor/laravel/framework/src/Illuminate/Console/Command.php(211): Illuminate/Container/Container->call(Array)
#15 D:/tasks/Hamdan(FullStack_Internship_At_HindukushSoft Technologies)/internship ( HindukushSoft Technologies )/Week6/Day29/vendor/symfony/console/Command/Command.php(341): Illuminate/Console/Command->execute(Object(Symfony/Component/Console/Input/ArrayInput), Object(Illuminate/Console/OutputStyle))
#16 D:/tasks/Hamdan(FullStack_Internship_At_HindukushSoft Technologies)/internship ( HindukushSoft Technologies )/Week6/Day29/vendor/laravel/framework/src/Illuminate/Console/Command.php(180): Symfony/Component/Console/Command/Command->run(Object(Symfony/Component/Console/Input/ArrayInput), Object(Illuminate/Console/OutputStyle))
#17 D:/tasks/Hamdan(FullStack_Internship_At_HindukushSoft Technologies)/internship ( HindukushSoft Technologies )/Week6/Day29/vendor/laravel/framework/src/Illuminate/Console/Concerns/CallsCommands.php(68): Illuminate/Console/Command->run(Object(Symfony/Component/Console/Input/ArrayInput), Object(Symfony/Component/Console/Output/NullOutput))
#18 D:/tasks/Hamdan(FullStack_Internship_At_HindukushSoft Technologies)/internship ( HindukushSoft Technologies )/Week6/Day29/vendor/laravel/framework/src/Illuminate/Console/Concerns/CallsCommands.php(41): Illuminate/Console/Command->runCommand('cache:clear', Array, Object(Symfony/Component/Console/Output/NullOutput))
#19 D:/tasks/Hamdan(FullStack_Internship_At_HindukushSoft Technologies)/internship ( HindukushSoft Technologies )/Week6/Day29/vendor/laravel/framework/src/Illuminate/Console/Concerns/CallsCommands.php(53): Illuminate/Console/Command->callSilent('cache:clear', Array)
#20 D:/tasks/Hamdan(FullStack_Internship_At_HindukushSoft Technologies)/internship ( HindukushSoft Technologies )/Week6/Day29/vendor/laravel/framework/src/Illuminate/Foundation/Console/OptimizeClearCommand.php(48): Illuminate/Console/Command->callSilently('cache:clear')
#21 D:/tasks/Hamdan(FullStack_Internship_At_HindukushSoft Technologies)/internship ( HindukushSoft Technologies )/Week6/Day29/vendor/laravel/framework/src/Illuminate/Console/View/Components/Task.php(41): Illuminate/Foundation/Console/OptimizeClearCommand->Illuminate/Foundation/Console/{closure}()
#22 D:/tasks/Hamdan(FullStack_Internship_At_HindukushSoft Technologies)/internship ( HindukushSoft Technologies )/Week6/Day29/vendor/laravel/framework/src/Illuminate/Console/View/Components/Factory.php(59): Illuminate/Console/View/Components/Task->render('cache', Object(Closure))
#23 D:/tasks/Hamdan(FullStack_Internship_At_HindukushSoft Technologies)/internship ( HindukushSoft Technologies )/Week6/Day29/vendor/laravel/framework/src/Illuminate/Foundation/Console/OptimizeClearCommand.php(48): Illuminate/Console/View/Components/Factory->__call('task', Array)
#24 D:/tasks/Hamdan(FullStack_Internship_At_HindukushSoft Technologies)/internship ( HindukushSoft Technologies )/Week6/Day29/vendor/laravel/framework/src/Illuminate/Container/BoundMethod.php(36): Illuminate/Foundation/Console/OptimizeClearCommand->handle()
#25 D:/tasks/Hamdan(FullStack_Internship_At_HindukushSoft Technologies)/internship ( HindukushSoft Technologies )/Week6/Day29/vendor/laravel/framework/src/Illuminate/Container/Util.php(43): Illuminate/Container/BoundMethod::Illuminate/Container/{closure}()
#26 D:/tasks/Hamdan(FullStack_Internship_At_HindukushSoft Technologies)/internship ( HindukushSoft Technologies )/Week6/Day29/vendor/laravel/framework/src/Illuminate/Container/BoundMethod.php(96): Illuminate/Container/Util::unwrapIfClosure(Object(Closure))
#27 D:/tasks/Hamdan(FullStack_Internship_At_HindukushSoft Technologies)/internship ( HindukushSoft Technologies )/Week6/Day29/vendor/laravel/framework/src/Illuminate/Container/BoundMethod.php(35): Illuminate/Container/BoundMethod::callBoundMethod(Object(Illuminate/Foundation/Application), Array, Object(Closure))
#28 D:/tasks/Hamdan(FullStack_Internship_At_HindukushSoft Technologies)/internship ( HindukushSoft Technologies )/Week6/Day29/vendor/laravel/framework/src/Illuminate/Container/Container.php(799): Illuminate/Container/BoundMethod::call(Object(Illuminate/Foundation/Application), Array, Array, NULL)
#29 D:/tasks/Hamdan(FullStack_Internship_At_HindukushSoft Technologies)/internship ( HindukushSoft Technologies )/Week6/Day29/vendor/laravel/framework/src/Illuminate/Console/Command.php(211): Illuminate/Container/Container->call(Array)
#30 D:/tasks/Hamdan(FullStack_Internship_At_HindukushSoft Technologies)/internship ( HindukushSoft Technologies )/Week6/Day29/vendor/symfony/console/Command/Command.php(341): Illuminate/Console/Command->execute(Object(Symfony/Component/Console/Input/ArgvInput), Object(Illuminate/Console/OutputStyle))
#31 D:/tasks/Hamdan(FullStack_Internship_At_HindukushSoft Technologies)/internship ( HindukushSoft Technologies )/Week6/Day29/vendor/laravel/framework/src/Illuminate/Console/Command.php(180): Symfony/Component/Console/Command/Command->run(Object(Symfony/Component/Console/Input/ArgvInput), Object(Illuminate/Console/OutputStyle))
#32 D:/tasks/Hamdan(FullStack_Internship_At_HindukushSoft Technologies)/internship ( HindukushSoft Technologies )/Week6/Day29/vendor/symfony/console/Application.php(1117): Illuminate/Console/Command->run(Object(Symfony/Component/Console/Input/ArgvInput), Object(Symfony/Component/Console/Output/ConsoleOutput))
#33 D:/tasks/Hamdan(FullStack_Internship_At_HindukushSoft Technologies)/internship ( HindukushSoft Technologies )/Week6/Day29/vendor/symfony/console/Application.php(356): Symfony/Component/Console/Application->doRunCommand(Object(Illuminate/Foundation/Console/OptimizeClearCommand), Object(Symfony/Component/Console/Input/ArgvInput), Object(Symfony/Component/Console/Output/ConsoleOutput))
#34 D:/tasks/Hamdan(FullStack_Internship_At_HindukushSoft Technologies)/internship ( HindukushSoft Technologies )/Week6/Day29/vendor/symfony/console/Application.php(195): Symfony/Component/Console/Application->doRun(Object(Symfony/Component/Console/Input/ArgvInput), Object(Symfony/Component/Console/Output/ConsoleOutput))
#35 D:/tasks/Hamdan(FullStack_Internship_At_HindukushSoft Technologies)/internship ( HindukushSoft Technologies )/Week6/Day29/vendor/laravel/framework/src/Illuminate/Foundation/Console/Kernel.php(198): Symfony/Component/Console/Application->run(Object(Symfony/Component/Console/Input/ArgvInput), Object(Symfony/Component/Console/Output/ConsoleOutput))
#36 D:/tasks/Hamdan(FullStack_Internship_At_HindukushSoft Technologies)/internship ( HindukushSoft Technologies )/Week6/Day29/vendor/laravel/framework/src/Illuminate/Foundation/Application.php(1235): Illuminate/Foundation/Console/Kernel->handle(Object(Symfony/Component/Console/Input/ArgvInput), Object(Symfony/Component/Console/Output/ConsoleOutput))
#37 D:/tasks/Hamdan(FullStack_Internship_At_HindukushSoft Technologies)/internship ( HindukushSoft Technologies )/Week6/Day29/artisan(16): Illuminate/Foundation/Application->handleCommand(Object(Symfony/Component/Console/Input/ArgvInput))
#38 {main}
"} 
[2026-08-18 08:13:25] local.ERROR: View path not found. {"exception":"[object] (RuntimeException(code: 0): View path not found. at D:/tasks/Hamdan(FullStack_Internship_At_HindukushSoft Technologies)/internship ( HindukushSoft Technologies )/Week6/Day29/vendor/laravel/framework/src/Illuminate/Foundation/Console/ViewClearCommand.php:58)
[stacktrace]
#0 D:/tasks/Hamdan(FullStack_Internship_At_HindukushSoft Technologies)/internship ( HindukushSoft Technologies )/Week6/Day29/vendor/laravel/framework/src/Illuminate/Container/BoundMethod.php(36): Illuminate/Foundation/Console/ViewClearCommand->handle()
#1 D:/tasks/Hamdan(FullStack_Internship_At_HindukushSoft Technologies)/internship ( HindukushSoft Technologies )/Week6/Day29/vendor/laravel/framework/src/Illuminate/Container/Util.php(43): Illuminate/Container/BoundMethod::Illuminate/Container/{closure}()
#2 D:/tasks/Hamdan(FullStack_Internship_At_HindukushSoft Technologies)/internship ( HindukushSoft Technologies )/Week6/Day29/vendor/laravel/framework/src/Illuminate/Container/BoundMethod.php(96): Illuminate/Container/Util::unwrapIfClosure(Object(Closure))
#3 D:/tasks/Hamdan(FullStack_Internship_At_HindukushSoft Technologies)/internship ( HindukushSoft Technologies )/Week6/Day29/vendor/laravel/framework/src/Illuminate/Container/BoundMethod.php(35): Illuminate/Container/BoundMethod::callBoundMethod(Object(Illuminate/Foundation/Application), Array, Object(Closure))
#4 D:/tasks/Hamdan(FullStack_Internship_At_HindukushSoft Technologies)/internship ( HindukushSoft Technologies )/Week6/Day29/vendor/laravel/framework/src/Illuminate/Container/Container.php(799): Illuminate/Container/BoundMethod::call(Object(Illuminate/Foundation/Application), Array, Array, NULL)
#5 D:/tasks/Hamdan(FullStack_Internship_At_HindukushSoft Technologies)/internship ( HindukushSoft Technologies )/Week6/Day29/vendor/laravel/framework/src/Illuminate/Console/Command.php(211): Illuminate/Container/Container->call(Array)
#6 D:/tasks/Hamdan(FullStack_Internship_At_HindukushSoft Technologies)/internship ( HindukushSoft Technologies )/Week6/Day29/vendor/symfony/console/Command/Command.php(341): Illuminate/Console/Command->execute(Object(Symfony/Component/Console/Input/ArrayInput), Object(Illuminate/Console/OutputStyle))
#7 D:/tasks/Hamdan(FullStack_Internship_At_HindukushSoft Technologies)/internship ( HindukushSoft Technologies )/Week6/Day29/vendor/laravel/framework/src/Illuminate/Console/Command.php(180): Symfony/Component/Console/Command/Command->run(Object(Symfony/Component/Console/Input/ArrayInput), Object(Illuminate/Console/OutputStyle))
#8 D:/tasks/Hamdan(FullStack_Internship_At_HindukushSoft Technologies)/internship ( HindukushSoft Technologies )/Week6/Day29/vendor/laravel/framework/src/Illuminate/Console/Concerns/CallsCommands.php(68): Illuminate/Console/Command->run(Object(Symfony/Component/Console/Input/ArrayInput), Object(Symfony/Component/Console/Output/NullOutput))
#9 D:/tasks/Hamdan(FullStack_Internship_At_HindukushSoft Technologies)/internship ( HindukushSoft Technologies )/Week6/Day29/vendor/laravel/framework/src/Illuminate/Console/Concerns/CallsCommands.php(41): Illuminate/Console/Command->runCommand('view:clear', Array, Object(Symfony/Component/Console/Output/NullOutput))
#10 D:/tasks/Hamdan(FullStack_Internship_At_HindukushSoft Technologies)/internship ( HindukushSoft Technologies )/Week6/Day29/vendor/laravel/framework/src/Illuminate/Console/Concerns/CallsCommands.php(53): Illuminate/Console/Command->callSilent('view:clear', Array)
#11 D:/tasks/Hamdan(FullStack_Internship_At_HindukushSoft Technologies)/internship ( HindukushSoft Technologies )/Week6/Day29/vendor/laravel/framework/src/Illuminate/Foundation/Console/OptimizeClearCommand.php(48): Illuminate/Console/Command->callSilently('view:clear')
#12 D:/tasks/Hamdan(FullStack_Internship_At_HindukushSoft Technologies)/internship ( HindukushSoft Technologies )/Week6/Day29/vendor/laravel/framework/src/Illuminate/Console/View/Components/Task.php(41): Illuminate/Foundation/Console/OptimizeClearCommand->Illuminate/Foundation/Console/{closure}()
#13 D:/tasks/Hamdan(FullStack_Internship_At_HindukushSoft Technologies)/internship ( HindukushSoft Technologies )/Week6/Day29/vendor/laravel/framework/src/Illuminate/Console/View/Components/Factory.php(59): Illuminate/Console/View/Components/Task->render('views', Object(Closure))
#14 D:/tasks/Hamdan(FullStack_Internship_At_HindukushSoft Technologies)/internship ( HindukushSoft Technologies )/Week6/Day29/vendor/laravel/framework/src/Illuminate/Foundation/Console/OptimizeClearCommand.php(48): Illuminate/Console/View/Components/Factory->__call('task', Array)
#15 D:/tasks/Hamdan(FullStack_Internship_At_HindukushSoft Technologies)/internship ( HindukushSoft Technologies )/Week6/Day29/vendor/laravel/framework/src/Illuminate/Container/BoundMethod.php(36): Illuminate/Foundation/Console/OptimizeClearCommand->handle()
#16 D:/tasks/Hamdan(FullStack_Internship_At_HindukushSoft Technologies)/internship ( HindukushSoft Technologies )/Week6/Day29/vendor/laravel/framework/src/Illuminate/Container/Util.php(43): Illuminate/Container/BoundMethod::Illuminate/Container/{closure}()
#17 D:/tasks/Hamdan(FullStack_Internship_At_HindukushSoft Technologies)/internship ( HindukushSoft Technologies )/Week6/Day29/vendor/laravel/framework/src/Illuminate/Container/BoundMethod.php(96): Illuminate/Container/Util::unwrapIfClosure(Object(Closure))
#18 D:/tasks/Hamdan(FullStack_Internship_At_HindukushSoft Technologies)/internship ( HindukushSoft Technologies )/Week6/Day29/vendor/laravel/framework/src/Illuminate/Container/BoundMethod.php(35): Illuminate/Container/BoundMethod::callBoundMethod(Object(Illuminate/Foundation/Application), Array, Object(Closure))
#19 D:/tasks/Hamdan(FullStack_Internship_At_HindukushSoft Technologies)/internship ( HindukushSoft Technologies )/Week6/Day29/vendor/laravel/framework/src/Illuminate/Container/Container.php(799): Illuminate/Container/BoundMethod::call(Object(Illuminate/Foundation/Application), Array, Array, NULL)
#20 D:/tasks/Hamdan(FullStack_Internship_At_HindukushSoft Technologies)/internship ( HindukushSoft Technologies )/Week6/Day29/vendor/laravel/framework/src/Illuminate/Console/Command.php(211): Illuminate/Container/Container->call(Array)
#21 D:/tasks/Hamdan(FullStack_Internship_At_HindukushSoft Technologies)/internship ( HindukushSoft Technologies )/Week6/Day29/vendor/symfony/console/Command/Command.php(341): Illuminate/Console/Command->execute(Object(Symfony/Component/Console/Input/ArgvInput), Object(Illuminate/Console/OutputStyle))
#22 D:/tasks/Hamdan(FullStack_Internship_At_HindukushSoft Technologies)/internship ( HindukushSoft Technologies )/Week6/Day29/vendor/laravel/framework/src/Illuminate/Console/Command.php(180): Symfony/Component/Console/Command/Command->run(Object(Symfony/Component/Console/Input/ArgvInput), Object(Illuminate/Console/OutputStyle))
#23 D:/tasks/Hamdan(FullStack_Internship_At_HindukushSoft Technologies)/internship ( HindukushSoft Technologies )/Week6/Day29/vendor/symfony/console/Application.php(1117): Illuminate/Console/Command->run(Object(Symfony/Component/Console/Input/ArgvInput), Object(Symfony/Component/Console/Output/ConsoleOutput))
#24 D:/tasks/Hamdan(FullStack_Internship_At_HindukushSoft Technologies)/internship ( HindukushSoft Technologies )/Week6/Day29/vendor/symfony/console/Application.php(356): Symfony/Component/Console/Application->doRunCommand(Object(Illuminate/Foundation/Console/OptimizeClearCommand), Object(Symfony/Component/Console/Input/ArgvInput), Object(Symfony/Component/Console/Output/ConsoleOutput))
#25 D:/tasks/Hamdan(FullStack_Internship_At_HindukushSoft Technologies)/internship ( HindukushSoft Technologies )/Week6/Day29/vendor/symfony/console/Application.php(195): Symfony/Component/Console/Application->doRun(Object(Symfony/Component/Console/Input/ArgvInput), Object(Symfony/Component/Console/Output/ConsoleOutput))
#26 D:/tasks/Hamdan(FullStack_Internship_At_HindukushSoft Technologies)/internship ( HindukushSoft Technologies )/Week6/Day29/vendor/laravel/framework/src/Illuminate/Foundation/Console/Kernel.php(198): Symfony/Component/Console/Application->run(Object(Symfony/Component/Console/Input/ArgvInput), Object(Symfony/Component/Console/Output/ConsoleOutput))
#27 D:/tasks/Hamdan(FullStack_Internship_At_HindukushSoft Technologies)/internship ( HindukushSoft Technologies )/Week6/Day29/vendor/laravel/framework/src/Illuminate/Foundation/Application.php(1235): Illuminate/Foundation/Console/Kernel->handle(Object(Symfony/Component/Console/Input/ArgvInput), Object(Symfony/Component/Console/Output/ConsoleOutput))
#28 D:/tasks/Hamdan(FullStack_Internship_At_HindukushSoft Technologies)/internship ( HindukushSoft Technologies )/Week6/Day29/artisan(16): Illuminate/Foundation/Application->handleCommand(Object(Symfony/Component/Console/Input/ArgvInput))
#29 {main}
"} 
[2026-08-18 08:14:58] local.ERROR: View path not found. {"exception":"[object] (RuntimeException(code: 0): View path not found. at D:/tasks/Hamdan(FullStack_Internship_At_HindukushSoft Technologies)/internship ( HindukushSoft Technologies )/Week6/Day29/vendor/laravel/framework/src/Illuminate/Foundation/Console/ViewClearCommand.php:58)
[stacktrace]
#0 D:/tasks/Hamdan(FullStack_Internship_At_HindukushSoft Technologies)/internship ( HindukushSoft Technologies )/Week6/Day29/vendor/laravel/framework/src/Illuminate/Container/BoundMethod.php(36): Illuminate/Foundation/Console/ViewClearCommand->handle()
#1 D:/tasks/Hamdan(FullStack_Internship_At_HindukushSoft Technologies)/internship ( HindukushSoft Technologies )/Week6/Day29/vendor/laravel/framework/src/Illuminate/Container/Util.php(43): Illuminate/Container/BoundMethod::Illuminate/Container/{closure}()
#2 D:/tasks/Hamdan(FullStack_Internship_At_HindukushSoft Technologies)/internship ( HindukushSoft Technologies )/Week6/Day29/vendor/laravel/framework/src/Illuminate/Container/BoundMethod.php(96): Illuminate/Container/Util::unwrapIfClosure(Object(Closure))
#3 D:/tasks/Hamdan(FullStack_Internship_At_HindukushSoft Technologies)/internship ( HindukushSoft Technologies )/Week6/Day29/vendor/laravel/framework/src/Illuminate/Container/BoundMethod.php(35): Illuminate/Container/BoundMethod::callBoundMethod(Object(Illuminate/Foundation/Application), Array, Object(Closure))
#4 D:/tasks/Hamdan(FullStack_Internship_At_HindukushSoft Technologies)/internship ( HindukushSoft Technologies )/Week6/Day29/vendor/laravel/framework/src/Illuminate/Container/Container.php(799): Illuminate/Container/BoundMethod::call(Object(Illuminate/Foundation/Application), Array, Array, NULL)
#5 D:/tasks/Hamdan(FullStack_Internship_At_HindukushSoft Technologies)/internship ( HindukushSoft Technologies )/Week6/Day29/vendor/laravel/framework/src/Illuminate/Console/Command.php(211): Illuminate/Container/Container->call(Array)
#6 D:/tasks/Hamdan(FullStack_Internship_At_HindukushSoft Technologies)/internship ( HindukushSoft Technologies )/Week6/Day29/vendor/symfony/console/Command/Command.php(341): Illuminate/Console/Command->execute(Object(Symfony/Component/Console/Input/ArrayInput), Object(Illuminate/Console/OutputStyle))
#7 D:/tasks/Hamdan(FullStack_Internship_At_HindukushSoft Technologies)/internship ( HindukushSoft Technologies )/Week6/Day29/vendor/laravel/framework/src/Illuminate/Console/Command.php(180): Symfony/Component/Console/Command/Command->run(Object(Symfony/Component/Console/Input/ArrayInput), Object(Illuminate/Console/OutputStyle))
#8 D:/tasks/Hamdan(FullStack_Internship_At_HindukushSoft Technologies)/internship ( HindukushSoft Technologies )/Week6/Day29/vendor/laravel/framework/src/Illuminate/Console/Concerns/CallsCommands.php(68): Illuminate/Console/Command->run(Object(Symfony/Component/Console/Input/ArrayInput), Object(Symfony/Component/Console/Output/NullOutput))
#9 D:/tasks/Hamdan(FullStack_Internship_At_HindukushSoft Technologies)/internship ( HindukushSoft Technologies )/Week6/Day29/vendor/laravel/framework/src/Illuminate/Console/Concerns/CallsCommands.php(41): Illuminate/Console/Command->runCommand('view:clear', Array, Object(Symfony/Component/Console/Output/NullOutput))
#10 D:/tasks/Hamdan(FullStack_Internship_At_HindukushSoft Technologies)/internship ( HindukushSoft Technologies )/Week6/Day29/vendor/laravel/framework/src/Illuminate/Console/Concerns/CallsCommands.php(53): Illuminate/Console/Command->callSilent('view:clear', Array)
#11 D:/tasks/Hamdan(FullStack_Internship_At_HindukushSoft Technologies)/internship ( HindukushSoft Technologies )/Week6/Day29/vendor/laravel/framework/src/Illuminate/Foundation/Console/OptimizeClearCommand.php(48): Illuminate/Console/Command->callSilently('view:clear')
#12 D:/tasks/Hamdan(FullStack_Internship_At_HindukushSoft Technologies)/internship ( HindukushSoft Technologies )/Week6/Day29/vendor/laravel/framework/src/Illuminate/Console/View/Components/Task.php(41): Illuminate/Foundation/Console/OptimizeClearCommand->Illuminate/Foundation/Console/{closure}()
#13 D:/tasks/Hamdan(FullStack_Internship_At_HindukushSoft Technologies)/internship ( HindukushSoft Technologies )/Week6/Day29/vendor/laravel/framework/src/Illuminate/Console/View/Components/Factory.php(59): Illuminate/Console/View/Components/Task->render('views', Object(Closure))
#14 D:/tasks/Hamdan(FullStack_Internship_At_HindukushSoft Technologies)/internship ( HindukushSoft Technologies )/Week6/Day29/vendor/laravel/framework/src/Illuminate/Foundation/Console/OptimizeClearCommand.php(48): Illuminate/Console/View/Components/Factory->__call('task', Array)
#15 D:/tasks/Hamdan(FullStack_Internship_At_HindukushSoft Technologies)/internship ( HindukushSoft Technologies )/Week6/Day29/vendor/laravel/framework/src/Illuminate/Container/BoundMethod.php(36): Illuminate/Foundation/Console/OptimizeClearCommand->handle()
#16 D:/tasks/Hamdan(FullStack_Internship_At_HindukushSoft Technologies)/internship ( HindukushSoft Technologies )/Week6/Day29/vendor/laravel/framework/src/Illuminate/Container/Util.php(43): Illuminate/Container/BoundMethod::Illuminate/Container/{closure}()
#17 D:/tasks/Hamdan(FullStack_Internship_At_HindukushSoft Technologies)/internship ( HindukushSoft Technologies )/Week6/Day29/vendor/laravel/framework/src/Illuminate/Container/BoundMethod.php(96): Illuminate/Container/Util::unwrapIfClosure(Object(Closure))
#18 D:/tasks/Hamdan(FullStack_Internship_At_HindukushSoft Technologies)/internship ( HindukushSoft Technologies )/Week6/Day29/vendor/laravel/framework/src/Illuminate/Container/BoundMethod.php(35): Illuminate/Container/BoundMethod::callBoundMethod(Object(Illuminate/Foundation/Application), Array, Object(Closure))
#19 D:/tasks/Hamdan(FullStack_Internship_At_HindukushSoft Technologies)/internship ( HindukushSoft Technologies )/Week6/Day29/vendor/laravel/framework/src/Illuminate/Container/Container.php(799): Illuminate/Container/BoundMethod::call(Object(Illuminate/Foundation/Application), Array, Array, NULL)
#20 D:/tasks/Hamdan(FullStack_Internship_At_HindukushSoft Technologies)/internship ( HindukushSoft Technologies )/Week6/Day29/vendor/laravel/framework/src/Illuminate/Console/Command.php(211): Illuminate/Container/Container->call(Array)
#21 D:/tasks/Hamdan(FullStack_Internship_At_HindukushSoft Technologies)/internship ( HindukushSoft Technologies )/Week6/Day29/vendor/symfony/console/Command/Command.php(341): Illuminate/Console/Command->execute(Object(Symfony/Component/Console/Input/ArgvInput), Object(Illuminate/Console/OutputStyle))
#22 D:/tasks/Hamdan(FullStack_Internship_At_HindukushSoft Technologies)/internship ( HindukushSoft Technologies )/Week6/Day29/vendor/laravel/framework/src/Illuminate/Console/Command.php(180): Symfony/Component/Console/Command/Command->run(Object(Symfony/Component/Console/Input/ArgvInput), Object(Illuminate/Console/OutputStyle))
#23 D:/tasks/Hamdan(FullStack_Internship_At_HindukushSoft Technologies)/internship ( HindukushSoft Technologies )/Week6/Day29/vendor/symfony/console/Application.php(1117): Illuminate/Console/Command->run(Object(Symfony/Component/Console/Input/ArgvInput), Object(Symfony/Component/Console/Output/ConsoleOutput))
#24 D:/tasks/Hamdan(FullStack_Internship_At_HindukushSoft Technologies)/internship ( HindukushSoft Technologies )/Week6/Day29/vendor/symfony/console/Application.php(356): Symfony/Component/Console/Application->doRunCommand(Object(Illuminate/Foundation/Console/OptimizeClearCommand), Object(Symfony/Component/Console/Input/ArgvInput), Object(Symfony/Component/Console/Output/ConsoleOutput))
#25 D:/tasks/Hamdan(FullStack_Internship_At_HindukushSoft Technologies)/internship ( HindukushSoft Technologies )/Week6/Day29/vendor/symfony/console/Application.php(195): Symfony/Component/Console/Application->doRun(Object(Symfony/Component/Console/Input/ArgvInput), Object(Symfony/Component/Console/Output/ConsoleOutput))
#26 D:/tasks/Hamdan(FullStack_Internship_At_HindukushSoft Technologies)/internship ( HindukushSoft Technologies )/Week6/Day29/vendor/laravel/framework/src/Illuminate/Foundation/Console/Kernel.php(198): Symfony/Component/Console/Application->run(Object(Symfony/Component/Console/Input/ArgvInput), Object(Symfony/Component/Console/Output/ConsoleOutput))
#27 D:/tasks/Hamdan(FullStack_Internship_At_HindukushSoft Technologies)/internship ( HindukushSoft Technologies )/Week6/Day29/vendor/laravel/framework/src/Illuminate/Foundation/Application.php(1235): Illuminate/Foundation/Console/Kernel->handle(Object(Symfony/Component/Console/Input/ArgvInput), Object(Symfony/Component/Console/Output/ConsoleOutput))
#28 D:/tasks/Hamdan(FullStack_Internship_At_HindukushSoft Technologies)/internship ( HindukushSoft Technologies )/Week6/Day29/artisan(16): Illuminate/Foundation/Application->handleCommand(Object(Symfony/Component/Console/Input/ArgvInput))
#29 {main}
"} 
[2026-08-19 18:02:23] local.ERROR: SQLSTATE[HY000] [2002] No connection could be made because the target machine actively refused it (Connection: mysql, Host: 127.0.0.1, Port: 3306, Database: week6_day29, SQL: delete from `cache`) {"exception":"[object] (Illuminate\\Database\\QueryException(code: 2002): SQLSTATE[HY000] [2002] No connection could be made because the target machine actively refused it (Connection: mysql, Host: 127.0.0.1, Port: 3306, Database: week6_day29, SQL: delete from `cache`) at D:/tasks/Hamdan(FullStack_Internship_At_HindukushSoft Technologies)/internship ( HindukushSoft Technologies )/Week6/Day29/vendor/laravel/framework/src/Illuminate/Database/Connection.php:838)
[stacktrace]
#0 D:/tasks/Hamdan(FullStack_Internship_At_HindukushSoft Technologies)/internship ( HindukushSoft Technologies )/Week6/Day29/vendor/laravel/framework/src/Illuminate/Database/Connection.php(999): Illuminate/Database/Connection->runQueryCallback('delete from `ca...', Array, Object(Closure))
#1 D:/tasks/Hamdan(FullStack_Internship_At_HindukushSoft Technologies)/internship ( HindukushSoft Technologies )/Week6/Day29/vendor/laravel/framework/src/Illuminate/Database/Connection.php(978): Illuminate/Database/Connection->tryAgainIfCausedByLostConnection(Object(Illuminate/Database/QueryException), 'delete from `ca...', Array, Object(Closure))
#2 D:/tasks/Hamdan(FullStack_Internship_At_HindukushSoft Technologies)/internship ( HindukushSoft Technologies )/Week6/Day29/vendor/laravel/framework/src/Illuminate/Database/Connection.php(796): Illuminate/Database/Connection->handleQueryException(Object(Illuminate/Database/QueryException), 'delete from `ca...', Array, Object(Closure))
#3 D:/tasks/Hamdan(FullStack_Internship_At_HindukushSoft Technologies)/internship ( HindukushSoft Technologies )/Week6/Day29/vendor/laravel/framework/src/Illuminate/Database/Connection.php(597): Illuminate/Database/Connection->run('delete from `ca...', Array, Object(Closure))
#4 D:/tasks/Hamdan(FullStack_Internship_At_HindukushSoft Technologies)/internship ( HindukushSoft Technologies )/Week6/Day29/vendor/laravel/framework/src/Illuminate/Database/Connection.php(561): Illuminate/Database/Connection->affectingStatement('delete from `ca...', Array)
#5 D:/tasks/Hamdan(FullStack_Internship_At_HindukushSoft Technologies)/internship ( HindukushSoft Technologies )/Week6/Day29/vendor/laravel/framework/src/Illuminate/Database/Query/Builder.php(4426): Illuminate/Database/Connection->delete('delete from `ca...', Array)
#6 D:/tasks/Hamdan(FullStack_Internship_At_HindukushSoft Technologies)/internship ( HindukushSoft Technologies )/Week6/Day29/vendor/laravel/framework/src/Illuminate/Cache/DatabaseStore.php(433): Illuminate/Database/Query/Builder->delete()
#7 D:/tasks/Hamdan(FullStack_Internship_At_HindukushSoft Technologies)/internship ( HindukushSoft Technologies )/Week6/Day29/vendor/laravel/framework/src/Illuminate/Cache/Repository.php(979): Illuminate/Cache/DatabaseStore->flush()
#8 D:/tasks/Hamdan(FullStack_Internship_At_HindukushSoft Technologies)/internship ( HindukushSoft Technologies )/Week6/Day29/vendor/laravel/framework/src/Illuminate/Cache/Console/ClearCommand.php(68): Illuminate/Cache/Repository->__call('flush', Array)
#9 D:/tasks/Hamdan(FullStack_Internship_At_HindukushSoft Technologies)/internship ( HindukushSoft Technologies )/Week6/Day29/vendor/laravel/framework/src/Illuminate/Container/BoundMethod.php(36): Illuminate/Cache/Console/ClearCommand->handle()
#10 D:/tasks/Hamdan(FullStack_Internship_At_HindukushSoft Technologies)/internship ( HindukushSoft Technologies )/Week6/Day29/vendor/laravel/framework/src/Illuminate/Container/Util.php(43): Illuminate/Container/BoundMethod::Illuminate/Container/{closure}()
#11 D:/tasks/Hamdan(FullStack_Internship_At_HindukushSoft Technologies)/internship ( HindukushSoft Technologies )/Week6/Day29/vendor/laravel/framework/src/Illuminate/Container/BoundMethod.php(96): Illuminate/Container/Util::unwrapIfClosure(Object(Closure))
#12 D:/tasks/Hamdan(FullStack_Internship_At_HindukushSoft Technologies)/internship ( HindukushSoft Technologies )/Week6/Day29/vendor/laravel/framework/src/Illuminate/Container/BoundMethod.php(35): Illuminate/Container/BoundMethod::callBoundMethod(Object(Illuminate/Foundation/Application), Array, Object(Closure))
#13 D:/tasks/Hamdan(FullStack_Internship_At_HindukushSoft Technologies)/internship ( HindukushSoft Technologies )/Week6/Day29/vendor/laravel/framework/src/Illuminate/Container/Container.php(799): Illuminate/Container/BoundMethod::call(Object(Illuminate/Foundation/Application), Array, Array, NULL)
#14 D:/tasks/Hamdan(FullStack_Internship_At_HindukushSoft Technologies)/internship ( HindukushSoft Technologies )/Week6/Day29/vendor/laravel/framework/src/Illuminate/Console/Command.php(211): Illuminate/Container/Container->call(Array)
#15 D:/tasks/Hamdan(FullStack_Internship_At_HindukushSoft Technologies)/internship ( HindukushSoft Technologies )/Week6/Day29/vendor/symfony/console/Command/Command.php(341): Illuminate/Console/Command->execute(Object(Symfony/Component/Console/Input/ArrayInput), Object(Illuminate/Console/OutputStyle))
#16 D:/tasks/Hamdan(FullStack_Internship_At_HindukushSoft Technologies)/internship ( HindukushSoft Technologies )/Week6/Day29/vendor/laravel/framework/src/Illuminate/Console/Command.php(180): Symfony/Component/Console/Command/Command->run(Object(Symfony/Component/Console/Input/ArrayInput), Object(Illuminate/Console/OutputStyle))
#17 D:/tasks/Hamdan(FullStack_Internship_At_HindukushSoft Technologies)/internship ( HindukushSoft Technologies )/Week6/Day29/vendor/laravel/framework/src/Illuminate/Console/Concerns/CallsCommands.php(68): Illuminate/Console/Command->run(Object(Symfony/Component/Console/Input/ArrayInput), Object(Symfony/Component/Console/Output/NullOutput))
#18 D:/tasks/Hamdan(FullStack_Internship_At_HindukushSoft Technologies)/internship ( HindukushSoft Technologies )/Week6/Day29/vendor/laravel/framework/src/Illuminate/Console/Concerns/CallsCommands.php(41): Illuminate/Console/Command->runCommand('cache:clear', Array, Object(Symfony/Component/Console/Output/NullOutput))
#19 D:/tasks/Hamdan(FullStack_Internship_At_HindukushSoft Technologies)/internship ( HindukushSoft Technologies )/Week6/Day29/vendor/laravel/framework/src/Illuminate/Console/Concerns/CallsCommands.php(53): Illuminate/Console/Command->callSilent('cache:clear', Array)
#20 D:/tasks/Hamdan(FullStack_Internship_At_HindukushSoft Technologies)/internship ( HindukushSoft Technologies )/Week6/Day29/vendor/laravel/framework/src/Illuminate/Foundation/Console/OptimizeClearCommand.php(48): Illuminate/Console/Command->callSilently('cache:clear')
#21 D:/tasks/Hamdan(FullStack_Internship_At_HindukushSoft Technologies)/internship ( HindukushSoft Technologies )/Week6/Day29/vendor/laravel/framework/src/Illuminate/Console/View/Components/Task.php(41): Illuminate/Foundation/Console/OptimizeClearCommand->Illuminate/Foundation/Console/{closure}()
#22 D:/tasks/Hamdan(FullStack_Internship_At_HindukushSoft Technologies)/internship ( HindukushSoft Technologies )/Week6/Day29/vendor/laravel/framework/src/Illuminate/Console/View/Components/Factory.php(59): Illuminate/Console/View/Components/Task->render('cache', Object(Closure))
#23 D:/tasks/Hamdan(FullStack_Internship_At_HindukushSoft Technologies)/internship ( HindukushSoft Technologies )/Week6/Day29/vendor/laravel/framework/src/Illuminate/Foundation/Console/OptimizeClearCommand.php(48): Illuminate/Console/View/Components/Factory->__call('task', Array)
#24 D:/tasks/Hamdan(FullStack_Internship_At_HindukushSoft Technologies)/internship ( HindukushSoft Technologies )/Week6/Day29/vendor/laravel/framework/src/Illuminate/Container/BoundMethod.php(36): Illuminate/Foundation/Console/OptimizeClearCommand->handle()
#25 D:/tasks/Hamdan(FullStack_Internship_At_HindukushSoft Technologies)/internship ( HindukushSoft Technologies )/Week6/Day29/vendor/laravel/framework/src/Illuminate/Container/Util.php(43): Illuminate/Container/BoundMethod::Illuminate/Container/{closure}()
#26 D:/tasks/Hamdan(FullStack_Internship_At_HindukushSoft Technologies)/internship ( HindukushSoft Technologies )/Week6/Day29/vendor/laravel/framework/src/Illuminate/Container/BoundMethod.php(96): Illuminate/Container/Util::unwrapIfClosure(Object(Closure))
#27 D:/tasks/Hamdan(FullStack_Internship_At_HindukushSoft Technologies)/internship ( HindukushSoft Technologies )/Week6/Day29/vendor/laravel/framework/src/Illuminate/Container/BoundMethod.php(35): Illuminate/Container/BoundMethod::callBoundMethod(Object(Illuminate/Foundation/Application), Array, Object(Closure))
#28 D:/tasks/Hamdan(FullStack_Internship_At_HindukushSoft Technologies)/internship ( HindukushSoft Technologies )/Week6/Day29/vendor/laravel/framework/src/Illuminate/Container/Container.php(799): Illuminate/Container/BoundMethod::call(Object(Illuminate/Foundation/Application), Array, Array, NULL)
#29 D:/tasks/Hamdan(FullStack_Internship_At_HindukushSoft Technologies)/internship ( HindukushSoft Technologies )/Week6/Day29/vendor/laravel/framework/src/Illuminate/Console/Command.php(211): Illuminate/Container/Container->call(Array)
#30 D:/tasks/Hamdan(FullStack_Internship_At_HindukushSoft Technologies)/internship ( HindukushSoft Technologies )/Week6/Day29/vendor/symfony/console/Command/Command.php(341): Illuminate/Console/Command->execute(Object(Symfony/Component/Console/Input/ArgvInput), Object(Illuminate/Console/OutputStyle))
#31 D:/tasks/Hamdan(FullStack_Internship_At_HindukushSoft Technologies)/internship ( HindukushSoft Technologies )/Week6/Day29/vendor/laravel/framework/src/Illuminate/Console/Command.php(180): Symfony/Component/Console/Command/Command->run(Object(Symfony/Component/Console/Input/ArgvInput), Object(Illuminate/Console/OutputStyle))
#32 D:/tasks/Hamdan(FullStack_Internship_At_HindukushSoft Technologies)/internship ( HindukushSoft Technologies )/Week6/Day29/vendor/symfony/console/Application.php(1117): Illuminate/Console/Command->run(Object(Symfony/Component/Console/Input/ArgvInput), Object(Symfony/Component/Console/Output/ConsoleOutput))
#33 D:/tasks/Hamdan(FullStack_Internship_At_HindukushSoft Technologies)/internship ( HindukushSoft Technologies )/Week6/Day29/vendor/symfony/console/Application.php(356): Symfony/Component/Console/Application->doRunCommand(Object(Illuminate/Foundation/Console/OptimizeClearCommand), Object(Symfony/Component/Console/Input/ArgvInput), Object(Symfony/Component/Console/Output/ConsoleOutput))
#34 D:/tasks/Hamdan(FullStack_Internship_At_HindukushSoft Technologies)/internship ( HindukushSoft Technologies )/Week6/Day29/vendor/symfony/console/Application.php(195): Symfony/Component/Console/Application->doRun(Object(Symfony/Component/Console/Input/ArgvInput), Object(Symfony/Component/Console/Output/ConsoleOutput))
#35 D:/tasks/Hamdan(FullStack_Internship_At_HindukushSoft Technologies)/internship ( HindukushSoft Technologies )/Week6/Day29/vendor/laravel/framework/src/Illuminate/Foundation/Console/Kernel.php(198): Symfony/Component/Console/Application->run(Object(Symfony/Component/Console/Input/ArgvInput), Object(Symfony/Component/Console/Output/ConsoleOutput))
#36 D:/tasks/Hamdan(FullStack_Internship_At_HindukushSoft Technologies)/internship ( HindukushSoft Technologies )/Week6/Day29/vendor/laravel/framework/src/Illuminate/Foundation/Application.php(1235): Illuminate/Foundation/Console/Kernel->handle(Object(Symfony/Component/Console/Input/ArgvInput), Object(Symfony/Component/Console/Output/ConsoleOutput))
#37 D:/tasks/Hamdan(FullStack_Internship_At_HindukushSoft Technologies)/internship ( HindukushSoft Technologies )/Week6/Day29/artisan(16): Illuminate/Foundation/Application->handleCommand(Object(Symfony/Component/Console/Input/ArgvInput))
#38 {main}

[previous exception] [object] (PDOException(code: 2002): SQLSTATE[HY000] [2002] No connection could be made because the target machine actively refused it at D:/tasks/Hamdan(FullStack_Internship_At_HindukushSoft Technologies)/internship ( HindukushSoft Technologies )/Week6/Day29/vendor/laravel/framework/src/Illuminate/Database/Connectors/Connector.php:66)
[stacktrace]
#0 D:/tasks/Hamdan(FullStack_Internship_At_HindukushSoft Technologies)/internship ( HindukushSoft Technologies )/Week6/Day29/vendor/laravel/framework/src/Illuminate/Database/Connectors/Connector.php(66): PDO->__construct('mysql:host=127....', 'root', Object(SensitiveParameterValue), Array)
#1 D:/tasks/Hamdan(FullStack_Internship_At_HindukushSoft Technologies)/internship ( HindukushSoft Technologies )/Week6/Day29/vendor/laravel/framework/src/Illuminate/Database/Connectors/Connector.php(85): Illuminate/Database/Connectors/Connector->createPdoConnection('mysql:host=127....', 'root', Object(SensitiveParameterValue), Array)
#2 D:/tasks/Hamdan(FullStack_Internship_At_HindukushSoft Technologies)/internship ( HindukushSoft Technologies )/Week6/Day29/vendor/laravel/framework/src/Illuminate/Database/Connectors/Connector.php(48): Illuminate/Database/Connectors/Connector->tryAgainIfCausedByLostConnection(Object(PDOException), 'mysql:host=127....', 'root', Object(SensitiveParameterValue), Array)
#3 D:/tasks/Hamdan(FullStack_Internship_At_HindukushSoft Technologies)/internship ( HindukushSoft Technologies )/Week6/Day29/vendor/laravel/framework/src/Illuminate/Database/Connectors/MySqlConnector.php(24): Illuminate/Database/Connectors/Connector->createConnection('mysql:host=127....', Array, Array)
#4 D:/tasks/Hamdan(FullStack_Internship_At_HindukushSoft Technologies)/internship ( HindukushSoft Technologies )/Week6/Day29/vendor/laravel/framework/src/Illuminate/Database/Connectors/ConnectionFactory.php(186): Illuminate/Database/Connectors/MySqlConnector->connect(Array)
#5 [internal function]: Illuminate/Database/Connectors/ConnectionFactory->Illuminate/Database/Connectors/{closure}()
#6 D:/tasks/Hamdan(FullStack_Internship_At_HindukushSoft Technologies)/internship ( HindukushSoft Technologies )/Week6/Day29/vendor/laravel/framework/src/Illuminate/Database/Connection.php(1257): call_user_func(Object(Closure))
#7 D:/tasks/Hamdan(FullStack_Internship_At_HindukushSoft Technologies)/internship ( HindukushSoft Technologies )/Week6/Day29/vendor/laravel/framework/src/Illuminate/Database/Connection.php(605): Illuminate/Database/Connection->getPdo()
#8 D:/tasks/Hamdan(FullStack_Internship_At_HindukushSoft Technologies)/internship ( HindukushSoft Technologies )/Week6/Day29/vendor/laravel/framework/src/Illuminate/Database/Connection.php(827): Illuminate/Database/Connection->Illuminate/Database/{closure}('delete from `ca...', Array)
#9 D:/tasks/Hamdan(FullStack_Internship_At_HindukushSoft Technologies)/internship ( HindukushSoft Technologies )/Week6/Day29/vendor/laravel/framework/src/Illuminate/Database/Connection.php(999): Illuminate/Database/Connection->runQueryCallback('delete from `ca...', Array, Object(Closure))
#10 D:/tasks/Hamdan(FullStack_Internship_At_HindukushSoft Technologies)/internship ( HindukushSoft Technologies )/Week6/Day29/vendor/laravel/framework/src/Illuminate/Database/Connection.php(978): Illuminate/Database/Connection->tryAgainIfCausedByLostConnection(Object(Illuminate/Database/QueryException), 'delete from `ca...', Array, Object(Closure))
#11 D:/tasks/Hamdan(FullStack_Internship_At_HindukushSoft Technologies)/internship ( HindukushSoft Technologies )/Week6/Day29/vendor/laravel/framework/src/Illuminate/Database/Connection.php(796): Illuminate/Database/Connection->handleQueryException(Object(Illuminate/Database/QueryException), 'delete from `ca...', Array, Object(Closure))
#12 D:/tasks/Hamdan(FullStack_Internship_At_HindukushSoft Technologies)/internship ( HindukushSoft Technologies )/Week6/Day29/vendor/laravel/framework/src/Illuminate/Database/Connection.php(597): Illuminate/Database/Connection->run('delete from `ca...', Array, Object(Closure))
#13 D:/tasks/Hamdan(FullStack_Internship_At_HindukushSoft Technologies)/internship ( HindukushSoft Technologies )/Week6/Day29/vendor/laravel/framework/src/Illuminate/Database/Connection.php(561): Illuminate/Database/Connection->affectingStatement('delete from `ca...', Array)
#14 D:/tasks/Hamdan(FullStack_Internship_At_HindukushSoft Technologies)/internship ( HindukushSoft Technologies )/Week6/Day29/vendor/laravel/framework/src/Illuminate/Database/Query/Builder.php(4426): Illuminate/Database/Connection->delete('delete from `ca...', Array)
#15 D:/tasks/Hamdan(FullStack_Internship_At_HindukushSoft Technologies)/internship ( HindukushSoft Technologies )/Week6/Day29/vendor/laravel/framework/src/Illuminate/Cache/DatabaseStore.php(433): Illuminate/Database/Query/Builder->delete()
#16 D:/tasks/Hamdan(FullStack_Internship_At_HindukushSoft Technologies)/internship ( HindukushSoft Technologies )/Week6/Day29/vendor/laravel/framework/src/Illuminate/Cache/Repository.php(979): Illuminate/Cache/DatabaseStore->flush()
#17 D:/tasks/Hamdan(FullStack_Internship_At_HindukushSoft Technologies)/internship ( HindukushSoft Technologies )/Week6/Day29/vendor/laravel/framework/src/Illuminate/Cache/Console/ClearCommand.php(68): Illuminate/Cache/Repository->__call('flush', Array)
#18 D:/tasks/Hamdan(FullStack_Internship_At_HindukushSoft Technologies)/internship ( HindukushSoft Technologies )/Week6/Day29/vendor/laravel/framework/src/Illuminate/Container/BoundMethod.php(36): Illuminate/Cache/Console/ClearCommand->handle()
#19 D:/tasks/Hamdan(FullStack_Internship_At_HindukushSoft Technologies)/internship ( HindukushSoft Technologies )/Week6/Day29/vendor/laravel/framework/src/Illuminate/Container/Util.php(43): Illuminate/Container/BoundMethod::Illuminate/Container/{closure}()
#20 D:/tasks/Hamdan(FullStack_Internship_At_HindukushSoft Technologies)/internship ( HindukushSoft Technologies )/Week6/Day29/vendor/laravel/framework/src/Illuminate/Container/BoundMethod.php(96): Illuminate/Container/Util::unwrapIfClosure(Object(Closure))
#21 D:/tasks/Hamdan(FullStack_Internship_At_HindukushSoft Technologies)/internship ( HindukushSoft Technologies )/Week6/Day29/vendor/laravel/framework/src/Illuminate/Container/BoundMethod.php(35): Illuminate/Container/BoundMethod::callBoundMethod(Object(Illuminate/Foundation/Application), Array, Object(Closure))
#22 D:/tasks/Hamdan(FullStack_Internship_At_HindukushSoft Technologies)/internship ( HindukushSoft Technologies )/Week6/Day29/vendor/laravel/framework/src/Illuminate/Container/Container.php(799): Illuminate/Container/BoundMethod::call(Object(Illuminate/Foundation/Application), Array, Array, NULL)
#23 D:/tasks/Hamdan(FullStack_Internship_At_HindukushSoft Technologies)/internship ( HindukushSoft Technologies )/Week6/Day29/vendor/laravel/framework/src/Illuminate/Console/Command.php(211): Illuminate/Container/Container->call(Array)
#24 D:/tasks/Hamdan(FullStack_Internship_At_HindukushSoft Technologies)/internship ( HindukushSoft Technologies )/Week6/Day29/vendor/symfony/console/Command/Command.php(341): Illuminate/Console/Command->execute(Object(Symfony/Component/Console/Input/ArrayInput), Object(Illuminate/Console/OutputStyle))
#25 D:/tasks/Hamdan(FullStack_Internship_At_HindukushSoft Technologies)/internship ( HindukushSoft Technologies )/Week6/Day29/vendor/laravel/framework/src/Illuminate/Console/Command.php(180): Symfony/Component/Console/Command/Command->run(Object(Symfony/Component/Console/Input/ArrayInput), Object(Illuminate/Console/OutputStyle))
#26 D:/tasks/Hamdan(FullStack_Internship_At_HindukushSoft Technologies)/internship ( HindukushSoft Technologies )/Week6/Day29/vendor/laravel/framework/src/Illuminate/Console/Concerns/CallsCommands.php(68): Illuminate/Console/Command->run(Object(Symfony/Component/Console/Input/ArrayInput), Object(Symfony/Component/Console/Output/NullOutput))
#27 D:/tasks/Hamdan(FullStack_Internship_At_HindukushSoft Technologies)/internship ( HindukushSoft Technologies )/Week6/Day29/vendor/laravel/framework/src/Illuminate/Console/Concerns/CallsCommands.php(41): Illuminate/Console/Command->runCommand('cache:clear', Array, Object(Symfony/Component/Console/Output/NullOutput))
#28 D:/tasks/Hamdan(FullStack_Internship_At_HindukushSoft Technologies)/internship ( HindukushSoft Technologies )/Week6/Day29/vendor/laravel/framework/src/Illuminate/Console/Concerns/CallsCommands.php(53): Illuminate/Console/Command->callSilent('cache:clear', Array)
#29 D:/tasks/Hamdan(FullStack_Internship_At_HindukushSoft Technologies)/internship ( HindukushSoft Technologies )/Week6/Day29/vendor/laravel/framework/src/Illuminate/Foundation/Console/OptimizeClearCommand.php(48): Illuminate/Console/Command->callSilently('cache:clear')
#30 D:/tasks/Hamdan(FullStack_Internship_At_HindukushSoft Technologies)/internship ( HindukushSoft Technologies )/Week6/Day29/vendor/laravel/framework/src/Illuminate/Console/View/Components/Task.php(41): Illuminate/Foundation/Console/OptimizeClearCommand->Illuminate/Foundation/Console/{closure}()
#31 D:/tasks/Hamdan(FullStack_Internship_At_HindukushSoft Technologies)/internship ( HindukushSoft Technologies )/Week6/Day29/vendor/laravel/framework/src/Illuminate/Console/View/Components/Factory.php(59): Illuminate/Console/View/Components/Task->render('cache', Object(Closure))
#32 D:/tasks/Hamdan(FullStack_Internship_At_HindukushSoft Technologies)/internship ( HindukushSoft Technologies )/Week6/Day29/vendor/laravel/framework/src/Illuminate/Foundation/Console/OptimizeClearCommand.php(48): Illuminate/Console/View/Components/Factory->__call('task', Array)
#33 D:/tasks/Hamdan(FullStack_Internship_At_HindukushSoft Technologies)/internship ( HindukushSoft Technologies )/Week6/Day29/vendor/laravel/framework/src/Illuminate/Container/BoundMethod.php(36): Illuminate/Foundation/Console/OptimizeClearCommand->handle()
#34 D:/tasks/Hamdan(FullStack_Internship_At_HindukushSoft Technologies)/internship ( HindukushSoft Technologies )/Week6/Day29/vendor/laravel/framework/src/Illuminate/Container/Util.php(43): Illuminate/Container/BoundMethod::Illuminate/Container/{closure}()
#35 D:/tasks/Hamdan(FullStack_Internship_At_HindukushSoft Technologies)/internship ( HindukushSoft Technologies )/Week6/Day29/vendor/laravel/framework/src/Illuminate/Container/BoundMethod.php(96): Illuminate/Container/Util::unwrapIfClosure(Object(Closure))
#36 D:/tasks/Hamdan(FullStack_Internship_At_HindukushSoft Technologies)/internship ( HindukushSoft Technologies )/Week6/Day29/vendor/laravel/framework/src/Illuminate/Container/BoundMethod.php(35): Illuminate/Container/BoundMethod::callBoundMethod(Object(Illuminate/Foundation/Application), Array, Object(Closure))
#37 D:/tasks/Hamdan(FullStack_Internship_At_HindukushSoft Technologies)/internship ( HindukushSoft Technologies )/Week6/Day29/vendor/laravel/framework/src/Illuminate/Container/Container.php(799): Illuminate/Container/BoundMethod::call(Object(Illuminate/Foundation/Application), Array, Array, NULL)
#38 D:/tasks/Hamdan(FullStack_Internship_At_HindukushSoft Technologies)/internship ( HindukushSoft Technologies )/Week6/Day29/vendor/laravel/framework/src/Illuminate/Console/Command.php(211): Illuminate/Container/Container->call(Array)
#39 D:/tasks/Hamdan(FullStack_Internship_At_HindukushSoft Technologies)/internship ( HindukushSoft Technologies )/Week6/Day29/vendor/symfony/console/Command/Command.php(341): Illuminate/Console/Command->execute(Object(Symfony/Component/Console/Input/ArgvInput), Object(Illuminate/Console/OutputStyle))
#40 D:/tasks/Hamdan(FullStack_Internship_At_HindukushSoft Technologies)/internship ( HindukushSoft Technologies )/Week6/Day29/vendor/laravel/framework/src/Illuminate/Console/Command.php(180): Symfony/Component/Console/Command/Command->run(Object(Symfony/Component/Console/Input/ArgvInput), Object(Illuminate/Console/OutputStyle))
#41 D:/tasks/Hamdan(FullStack_Internship_At_HindukushSoft Technologies)/internship ( HindukushSoft Technologies )/Week6/Day29/vendor/symfony/console/Application.php(1117): Illuminate/Console/Command->run(Object(Symfony/Component/Console/Input/ArgvInput), Object(Symfony/Component/Console/Output/ConsoleOutput))
#42 D:/tasks/Hamdan(FullStack_Internship_At_HindukushSoft Technologies)/internship ( HindukushSoft Technologies )/Week6/Day29/vendor/symfony/console/Application.php(356): Symfony/Component/Console/Application->doRunCommand(Object(Illuminate/Foundation/Console/OptimizeClearCommand), Object(Symfony/Component/Console/Input/ArgvInput), Object(Symfony/Component/Console/Output/ConsoleOutput))
#43 D:/tasks/Hamdan(FullStack_Internship_At_HindukushSoft Technologies)/internship ( HindukushSoft Technologies )/Week6/Day29/vendor/symfony/console/Application.php(195): Symfony/Component/Console/Application->doRun(Object(Symfony/Component/Console/Input/ArgvInput), Object(Symfony/Component/Console/Output/ConsoleOutput))
#44 D:/tasks/Hamdan(FullStack_Internship_At_HindukushSoft Technologies)/internship ( HindukushSoft Technologies )/Week6/Day29/vendor/laravel/framework/src/Illuminate/Foundation/Console/Kernel.php(198): Symfony/Component/Console/Application->run(Object(Symfony/Component/Console/Input/ArgvInput), Object(Symfony/Component/Console/Output/ConsoleOutput))
#45 D:/tasks/Hamdan(FullStack_Internship_At_HindukushSoft Technologies)/internship ( HindukushSoft Technologies )/Week6/Day29/vendor/laravel/framework/src/Illuminate/Foundation/Application.php(1235): Illuminate/Foundation/Console/Kernel->handle(Object(Symfony/Component/Console/Input/ArgvInput), Object(Symfony/Component/Console/Output/ConsoleOutput))
#46 D:/tasks/Hamdan(FullStack_Internship_At_HindukushSoft Technologies)/internship ( HindukushSoft Technologies )/Week6/Day29/artisan(16): Illuminate/Foundation/Application->handleCommand(Object(Symfony/Component/Console/Input/ArgvInput))
#47 {main}
"} 
[2026-08-19 18:04:05] local.ERROR: SQLSTATE[HY000] [2002] No connection could be made because the target machine actively refused it (Connection: mysql, Host: 127.0.0.1, Port: 3306, Database: week6_day29, SQL: delete from `cache`) {"exception":"[object] (Illuminate\\Database\\QueryException(code: 2002): SQLSTATE[HY000] [2002] No connection could be made because the target machine actively refused it (Connection: mysql, Host: 127.0.0.1, Port: 3306, Database: week6_day29, SQL: delete from `cache`) at D:/tasks/Hamdan(FullStack_Internship_At_HindukushSoft Technologies)/internship ( HindukushSoft Technologies )/Week6/Day29/vendor/laravel/framework/src/Illuminate/Database/Connection.php:838)
[stacktrace]
#0 D:/tasks/Hamdan(FullStack_Internship_At_HindukushSoft Technologies)/internship ( HindukushSoft Technologies )/Week6/Day29/vendor/laravel/framework/src/Illuminate/Database/Connection.php(999): Illuminate/Database/Connection->runQueryCallback('delete from `ca...', Array, Object(Closure))
#1 D:/tasks/Hamdan(FullStack_Internship_At_HindukushSoft Technologies)/internship ( HindukushSoft Technologies )/Week6/Day29/vendor/laravel/framework/src/Illuminate/Database/Connection.php(978): Illuminate/Database/Connection->tryAgainIfCausedByLostConnection(Object(Illuminate/Database/QueryException), 'delete from `ca...', Array, Object(Closure))
#2 D:/tasks/Hamdan(FullStack_Internship_At_HindukushSoft Technologies)/internship ( HindukushSoft Technologies )/Week6/Day29/vendor/laravel/framework/src/Illuminate/Database/Connection.php(796): Illuminate/Database/Connection->handleQueryException(Object(Illuminate/Database/QueryException), 'delete from `ca...', Array, Object(Closure))
#3 D:/tasks/Hamdan(FullStack_Internship_At_HindukushSoft Technologies)/internship ( HindukushSoft Technologies )/Week6/Day29/vendor/laravel/framework/src/Illuminate/Database/Connection.php(597): Illuminate/Database/Connection->run('delete from `ca...', Array, Object(Closure))
#4 D:/tasks/Hamdan(FullStack_Internship_At_HindukushSoft Technologies)/internship ( HindukushSoft Technologies )/Week6/Day29/vendor/laravel/framework/src/Illuminate/Database/Connection.php(561): Illuminate/Database/Connection->affectingStatement('delete from `ca...', Array)
#5 D:/tasks/Hamdan(FullStack_Internship_At_HindukushSoft Technologies)/internship ( HindukushSoft Technologies )/Week6/Day29/vendor/laravel/framework/src/Illuminate/Database/Query/Builder.php(4426): Illuminate/Database/Connection->delete('delete from `ca...', Array)
#6 D:/tasks/Hamdan(FullStack_Internship_At_HindukushSoft Technologies)/internship ( HindukushSoft Technologies )/Week6/Day29/vendor/laravel/framework/src/Illuminate/Cache/DatabaseStore.php(433): Illuminate/Database/Query/Builder->delete()
#7 D:/tasks/Hamdan(FullStack_Internship_At_HindukushSoft Technologies)/internship ( HindukushSoft Technologies )/Week6/Day29/vendor/laravel/framework/src/Illuminate/Cache/Repository.php(979): Illuminate/Cache/DatabaseStore->flush()
#8 D:/tasks/Hamdan(FullStack_Internship_At_HindukushSoft Technologies)/internship ( HindukushSoft Technologies )/Week6/Day29/vendor/laravel/framework/src/Illuminate/Cache/Console/ClearCommand.php(68): Illuminate/Cache/Repository->__call('flush', Array)
#9 D:/tasks/Hamdan(FullStack_Internship_At_HindukushSoft Technologies)/internship ( HindukushSoft Technologies )/Week6/Day29/vendor/laravel/framework/src/Illuminate/Container/BoundMethod.php(36): Illuminate/Cache/Console/ClearCommand->handle()
#10 D:/tasks/Hamdan(FullStack_Internship_At_HindukushSoft Technologies)/internship ( HindukushSoft Technologies )/Week6/Day29/vendor/laravel/framework/src/Illuminate/Container/Util.php(43): Illuminate/Container/BoundMethod::Illuminate/Container/{closure}()
#11 D:/tasks/Hamdan(FullStack_Internship_At_HindukushSoft Technologies)/internship ( HindukushSoft Technologies )/Week6/Day29/vendor/laravel/framework/src/Illuminate/Container/BoundMethod.php(96): Illuminate/Container/Util::unwrapIfClosure(Object(Closure))
#12 D:/tasks/Hamdan(FullStack_Internship_At_HindukushSoft Technologies)/internship ( HindukushSoft Technologies )/Week6/Day29/vendor/laravel/framework/src/Illuminate/Container/BoundMethod.php(35): Illuminate/Container/BoundMethod::callBoundMethod(Object(Illuminate/Foundation/Application), Array, Object(Closure))
#13 D:/tasks/Hamdan(FullStack_Internship_At_HindukushSoft Technologies)/internship ( HindukushSoft Technologies )/Week6/Day29/vendor/laravel/framework/src/Illuminate/Container/Container.php(799): Illuminate/Container/BoundMethod::call(Object(Illuminate/Foundation/Application), Array, Array, NULL)
#14 D:/tasks/Hamdan(FullStack_Internship_At_HindukushSoft Technologies)/internship ( HindukushSoft Technologies )/Week6/Day29/vendor/laravel/framework/src/Illuminate/Console/Command.php(211): Illuminate/Container/Container->call(Array)
#15 D:/tasks/Hamdan(FullStack_Internship_At_HindukushSoft Technologies)/internship ( HindukushSoft Technologies )/Week6/Day29/vendor/symfony/console/Command/Command.php(341): Illuminate/Console/Command->execute(Object(Symfony/Component/Console/Input/ArrayInput), Object(Illuminate/Console/OutputStyle))
#16 D:/tasks/Hamdan(FullStack_Internship_At_HindukushSoft Technologies)/internship ( HindukushSoft Technologies )/Week6/Day29/vendor/laravel/framework/src/Illuminate/Console/Command.php(180): Symfony/Component/Console/Command/Command->run(Object(Symfony/Component/Console/Input/ArrayInput), Object(Illuminate/Console/OutputStyle))
#17 D:/tasks/Hamdan(FullStack_Internship_At_HindukushSoft Technologies)/internship ( HindukushSoft Technologies )/Week6/Day29/vendor/laravel/framework/src/Illuminate/Console/Concerns/CallsCommands.php(68): Illuminate/Console/Command->run(Object(Symfony/Component/Console/Input/ArrayInput), Object(Symfony/Component/Console/Output/NullOutput))
#18 D:/tasks/Hamdan(FullStack_Internship_At_HindukushSoft Technologies)/internship ( HindukushSoft Technologies )/Week6/Day29/vendor/laravel/framework/src/Illuminate/Console/Concerns/CallsCommands.php(41): Illuminate/Console/Command->runCommand('cache:clear', Array, Object(Symfony/Component/Console/Output/NullOutput))
#19 D:/tasks/Hamdan(FullStack_Internship_At_HindukushSoft Technologies)/internship ( HindukushSoft Technologies )/Week6/Day29/vendor/laravel/framework/src/Illuminate/Console/Concerns/CallsCommands.php(53): Illuminate/Console/Command->callSilent('cache:clear', Array)
#20 D:/tasks/Hamdan(FullStack_Internship_At_HindukushSoft Technologies)/internship ( HindukushSoft Technologies )/Week6/Day29/vendor/laravel/framework/src/Illuminate/Foundation/Console/OptimizeClearCommand.php(48): Illuminate/Console/Command->callSilently('cache:clear')
#21 D:/tasks/Hamdan(FullStack_Internship_At_HindukushSoft Technologies)/internship ( HindukushSoft Technologies )/Week6/Day29/vendor/laravel/framework/src/Illuminate/Console/View/Components/Task.php(41): Illuminate/Foundation/Console/OptimizeClearCommand->Illuminate/Foundation/Console/{closure}()
#22 D:/tasks/Hamdan(FullStack_Internship_At_HindukushSoft Technologies)/internship ( HindukushSoft Technologies )/Week6/Day29/vendor/laravel/framework/src/Illuminate/Console/View/Components/Factory.php(59): Illuminate/Console/View/Components/Task->render('cache', Object(Closure))
#23 D:/tasks/Hamdan(FullStack_Internship_At_HindukushSoft Technologies)/internship ( HindukushSoft Technologies )/Week6/Day29/vendor/laravel/framework/src/Illuminate/Foundation/Console/OptimizeClearCommand.php(48): Illuminate/Console/View/Components/Factory->__call('task', Array)
#24 D:/tasks/Hamdan(FullStack_Internship_At_HindukushSoft Technologies)/internship ( HindukushSoft Technologies )/Week6/Day29/vendor/laravel/framework/src/Illuminate/Container/BoundMethod.php(36): Illuminate/Foundation/Console/OptimizeClearCommand->handle()
#25 D:/tasks/Hamdan(FullStack_Internship_At_HindukushSoft Technologies)/internship ( HindukushSoft Technologies )/Week6/Day29/vendor/laravel/framework/src/Illuminate/Container/Util.php(43): Illuminate/Container/BoundMethod::Illuminate/Container/{closure}()
#26 D:/tasks/Hamdan(FullStack_Internship_At_HindukushSoft Technologies)/internship ( HindukushSoft Technologies )/Week6/Day29/vendor/laravel/framework/src/Illuminate/Container/BoundMethod.php(96): Illuminate/Container/Util::unwrapIfClosure(Object(Closure))
#27 D:/tasks/Hamdan(FullStack_Internship_At_HindukushSoft Technologies)/internship ( HindukushSoft Technologies )/Week6/Day29/vendor/laravel/framework/src/Illuminate/Container/BoundMethod.php(35): Illuminate/Container/BoundMethod::callBoundMethod(Object(Illuminate/Foundation/Application), Array, Object(Closure))
#28 D:/tasks/Hamdan(FullStack_Internship_At_HindukushSoft Technologies)/internship ( HindukushSoft Technologies )/Week6/Day29/vendor/laravel/framework/src/Illuminate/Container/Container.php(799): Illuminate/Container/BoundMethod::call(Object(Illuminate/Foundation/Application), Array, Array, NULL)
#29 D:/tasks/Hamdan(FullStack_Internship_At_HindukushSoft Technologies)/internship ( HindukushSoft Technologies )/Week6/Day29/vendor/laravel/framework/src/Illuminate/Console/Command.php(211): Illuminate/Container/Container->call(Array)
#30 D:/tasks/Hamdan(FullStack_Internship_At_HindukushSoft Technologies)/internship ( HindukushSoft Technologies )/Week6/Day29/vendor/symfony/console/Command/Command.php(341): Illuminate/Console/Command->execute(Object(Symfony/Component/Console/Input/ArgvInput), Object(Illuminate/Console/OutputStyle))
#31 D:/tasks/Hamdan(FullStack_Internship_At_HindukushSoft Technologies)/internship ( HindukushSoft Technologies )/Week6/Day29/vendor/laravel/framework/src/Illuminate/Console/Command.php(180): Symfony/Component/Console/Command/Command->run(Object(Symfony/Component/Console/Input/ArgvInput), Object(Illuminate/Console/OutputStyle))
#32 D:/tasks/Hamdan(FullStack_Internship_At_HindukushSoft Technologies)/internship ( HindukushSoft Technologies )/Week6/Day29/vendor/symfony/console/Application.php(1117): Illuminate/Console/Command->run(Object(Symfony/Component/Console/Input/ArgvInput), Object(Symfony/Component/Console/Output/ConsoleOutput))
#33 D:/tasks/Hamdan(FullStack_Internship_At_HindukushSoft Technologies)/internship ( HindukushSoft Technologies )/Week6/Day29/vendor/symfony/console/Application.php(356): Symfony/Component/Console/Application->doRunCommand(Object(Illuminate/Foundation/Console/OptimizeClearCommand), Object(Symfony/Component/Console/Input/ArgvInput), Object(Symfony/Component/Console/Output/ConsoleOutput))
#34 D:/tasks/Hamdan(FullStack_Internship_At_HindukushSoft Technologies)/internship ( HindukushSoft Technologies )/Week6/Day29/vendor/symfony/console/Application.php(195): Symfony/Component/Console/Application->doRun(Object(Symfony/Component/Console/Input/ArgvInput), Object(Symfony/Component/Console/Output/ConsoleOutput))
#35 D:/tasks/Hamdan(FullStack_Internship_At_HindukushSoft Technologies)/internship ( HindukushSoft Technologies )/Week6/Day29/vendor/laravel/framework/src/Illuminate/Foundation/Console/Kernel.php(198): Symfony/Component/Console/Application->run(Object(Symfony/Component/Console/Input/ArgvInput), Object(Symfony/Component/Console/Output/ConsoleOutput))
#36 D:/tasks/Hamdan(FullStack_Internship_At_HindukushSoft Technologies)/internship ( HindukushSoft Technologies )/Week6/Day29/vendor/laravel/framework/src/Illuminate/Foundation/Application.php(1235): Illuminate/Foundation/Console/Kernel->handle(Object(Symfony/Component/Console/Input/ArgvInput), Object(Symfony/Component/Console/Output/ConsoleOutput))
#37 D:/tasks/Hamdan(FullStack_Internship_At_HindukushSoft Technologies)/internship ( HindukushSoft Technologies )/Week6/Day29/artisan(16): Illuminate/Foundation/Application->handleCommand(Object(Symfony/Component/Console/Input/ArgvInput))
#38 {main}

[previous exception] [object] (PDOException(code: 2002): SQLSTATE[HY000] [2002] No connection could be made because the target machine actively refused it at D:/tasks/Hamdan(FullStack_Internship_At_HindukushSoft Technologies)/internship ( HindukushSoft Technologies )/Week6/Day29/vendor/laravel/framework/src/Illuminate/Database/Connectors/Connector.php:66)
[stacktrace]
#0 D:/tasks/Hamdan(FullStack_Internship_At_HindukushSoft Technologies)/internship ( HindukushSoft Technologies )/Week6/Day29/vendor/laravel/framework/src/Illuminate/Database/Connectors/Connector.php(66): PDO->__construct('mysql:host=127....', 'root', Object(SensitiveParameterValue), Array)
#1 D:/tasks/Hamdan(FullStack_Internship_At_HindukushSoft Technologies)/internship ( HindukushSoft Technologies )/Week6/Day29/vendor/laravel/framework/src/Illuminate/Database/Connectors/Connector.php(85): Illuminate/Database/Connectors/Connector->createPdoConnection('mysql:host=127....', 'root', Object(SensitiveParameterValue), Array)
#2 D:/tasks/Hamdan(FullStack_Internship_At_HindukushSoft Technologies)/internship ( HindukushSoft Technologies )/Week6/Day29/vendor/laravel/framework/src/Illuminate/Database/Connectors/Connector.php(48): Illuminate/Database/Connectors/Connector->tryAgainIfCausedByLostConnection(Object(PDOException), 'mysql:host=127....', 'root', Object(SensitiveParameterValue), Array)
#3 D:/tasks/Hamdan(FullStack_Internship_At_HindukushSoft Technologies)/internship ( HindukushSoft Technologies )/Week6/Day29/vendor/laravel/framework/src/Illuminate/Database/Connectors/MySqlConnector.php(24): Illuminate/Database/Connectors/Connector->createConnection('mysql:host=127....', Array, Array)
#4 D:/tasks/Hamdan(FullStack_Internship_At_HindukushSoft Technologies)/internship ( HindukushSoft Technologies )/Week6/Day29/vendor/laravel/framework/src/Illuminate/Database/Connectors/ConnectionFactory.php(186): Illuminate/Database/Connectors/MySqlConnector->connect(Array)
#5 [internal function]: Illuminate/Database/Connectors/ConnectionFactory->Illuminate/Database/Connectors/{closure}()
#6 D:/tasks/Hamdan(FullStack_Internship_At_HindukushSoft Technologies)/internship ( HindukushSoft Technologies )/Week6/Day29/vendor/laravel/framework/src/Illuminate/Database/Connection.php(1257): call_user_func(Object(Closure))
#7 D:/tasks/Hamdan(FullStack_Internship_At_HindukushSoft Technologies)/internship ( HindukushSoft Technologies )/Week6/Day29/vendor/laravel/framework/src/Illuminate/Database/Connection.php(605): Illuminate/Database/Connection->getPdo()
#8 D:/tasks/Hamdan(FullStack_Internship_At_HindukushSoft Technologies)/internship ( HindukushSoft Technologies )/Week6/Day29/vendor/laravel/framework/src/Illuminate/Database/Connection.php(827): Illuminate/Database/Connection->Illuminate/Database/{closure}('delete from `ca...', Array)
#9 D:/tasks/Hamdan(FullStack_Internship_At_HindukushSoft Technologies)/internship ( HindukushSoft Technologies )/Week6/Day29/vendor/laravel/framework/src/Illuminate/Database/Connection.php(999): Illuminate/Database/Connection->runQueryCallback('delete from `ca...', Array, Object(Closure))
#10 D:/tasks/Hamdan(FullStack_Internship_At_HindukushSoft Technologies)/internship ( HindukushSoft Technologies )/Week6/Day29/vendor/laravel/framework/src/Illuminate/Database/Connection.php(978): Illuminate/Database/Connection->tryAgainIfCausedByLostConnection(Object(Illuminate/Database/QueryException), 'delete from `ca...', Array, Object(Closure))
#11 D:/tasks/Hamdan(FullStack_Internship_At_HindukushSoft Technologies)/internship ( HindukushSoft Technologies )/Week6/Day29/vendor/laravel/framework/src/Illuminate/Database/Connection.php(796): Illuminate/Database/Connection->handleQueryException(Object(Illuminate/Database/QueryException), 'delete from `ca...', Array, Object(Closure))
#12 D:/tasks/Hamdan(FullStack_Internship_At_HindukushSoft Technologies)/internship ( HindukushSoft Technologies )/Week6/Day29/vendor/laravel/framework/src/Illuminate/Database/Connection.php(597): Illuminate/Database/Connection->run('delete from `ca...', Array, Object(Closure))
#13 D:/tasks/Hamdan(FullStack_Internship_At_HindukushSoft Technologies)/internship ( HindukushSoft Technologies )/Week6/Day29/vendor/laravel/framework/src/Illuminate/Database/Connection.php(561): Illuminate/Database/Connection->affectingStatement('delete from `ca...', Array)
#14 D:/tasks/Hamdan(FullStack_Internship_At_HindukushSoft Technologies)/internship ( HindukushSoft Technologies )/Week6/Day29/vendor/laravel/framework/src/Illuminate/Database/Query/Builder.php(4426): Illuminate/Database/Connection->delete('delete from `ca...', Array)
#15 D:/tasks/Hamdan(FullStack_Internship_At_HindukushSoft Technologies)/internship ( HindukushSoft Technologies )/Week6/Day29/vendor/laravel/framework/src/Illuminate/Cache/DatabaseStore.php(433): Illuminate/Database/Query/Builder->delete()
#16 D:/tasks/Hamdan(FullStack_Internship_At_HindukushSoft Technologies)/internship ( HindukushSoft Technologies )/Week6/Day29/vendor/laravel/framework/src/Illuminate/Cache/Repository.php(979): Illuminate/Cache/DatabaseStore->flush()
#17 D:/tasks/Hamdan(FullStack_Internship_At_HindukushSoft Technologies)/internship ( HindukushSoft Technologies )/Week6/Day29/vendor/laravel/framework/src/Illuminate/Cache/Console/ClearCommand.php(68): Illuminate/Cache/Repository->__call('flush', Array)
#18 D:/tasks/Hamdan(FullStack_Internship_At_HindukushSoft Technologies)/internship ( HindukushSoft Technologies )/Week6/Day29/vendor/laravel/framework/src/Illuminate/Container/BoundMethod.php(36): Illuminate/Cache/Console/ClearCommand->handle()
#19 D:/tasks/Hamdan(FullStack_Internship_At_HindukushSoft Technologies)/internship ( HindukushSoft Technologies )/Week6/Day29/vendor/laravel/framework/src/Illuminate/Container/Util.php(43): Illuminate/Container/BoundMethod::Illuminate/Container/{closure}()
#20 D:/tasks/Hamdan(FullStack_Internship_At_HindukushSoft Technologies)/internship ( HindukushSoft Technologies )/Week6/Day29/vendor/laravel/framework/src/Illuminate/Container/BoundMethod.php(96): Illuminate/Container/Util::unwrapIfClosure(Object(Closure))
#21 D:/tasks/Hamdan(FullStack_Internship_At_HindukushSoft Technologies)/internship ( HindukushSoft Technologies )/Week6/Day29/vendor/laravel/framework/src/Illuminate/Container/BoundMethod.php(35): Illuminate/Container/BoundMethod::callBoundMethod(Object(Illuminate/Foundation/Application), Array, Object(Closure))
#22 D:/tasks/Hamdan(FullStack_Internship_At_HindukushSoft Technologies)/internship ( HindukushSoft Technologies )/Week6/Day29/vendor/laravel/framework/src/Illuminate/Container/Container.php(799): Illuminate/Container/BoundMethod::call(Object(Illuminate/Foundation/Application), Array, Array, NULL)
#23 D:/tasks/Hamdan(FullStack_Internship_At_HindukushSoft Technologies)/internship ( HindukushSoft Technologies )/Week6/Day29/vendor/laravel/framework/src/Illuminate/Console/Command.php(211): Illuminate/Container/Container->call(Array)
#24 D:/tasks/Hamdan(FullStack_Internship_At_HindukushSoft Technologies)/internship ( HindukushSoft Technologies )/Week6/Day29/vendor/symfony/console/Command/Command.php(341): Illuminate/Console/Command->execute(Object(Symfony/Component/Console/Input/ArrayInput), Object(Illuminate/Console/OutputStyle))
#25 D:/tasks/Hamdan(FullStack_Internship_At_HindukushSoft Technologies)/internship ( HindukushSoft Technologies )/Week6/Day29/vendor/laravel/framework/src/Illuminate/Console/Command.php(180): Symfony/Component/Console/Command/Command->run(Object(Symfony/Component/Console/Input/ArrayInput), Object(Illuminate/Console/OutputStyle))
#26 D:/tasks/Hamdan(FullStack_Internship_At_HindukushSoft Technologies)/internship ( HindukushSoft Technologies )/Week6/Day29/vendor/laravel/framework/src/Illuminate/Console/Concerns/CallsCommands.php(68): Illuminate/Console/Command->run(Object(Symfony/Component/Console/Input/ArrayInput), Object(Symfony/Component/Console/Output/NullOutput))
#27 D:/tasks/Hamdan(FullStack_Internship_At_HindukushSoft Technologies)/internship ( HindukushSoft Technologies )/Week6/Day29/vendor/laravel/framework/src/Illuminate/Console/Concerns/CallsCommands.php(41): Illuminate/Console/Command->runCommand('cache:clear', Array, Object(Symfony/Component/Console/Output/NullOutput))
#28 D:/tasks/Hamdan(FullStack_Internship_At_HindukushSoft Technologies)/internship ( HindukushSoft Technologies )/Week6/Day29/vendor/laravel/framework/src/Illuminate/Console/Concerns/CallsCommands.php(53): Illuminate/Console/Command->callSilent('cache:clear', Array)
#29 D:/tasks/Hamdan(FullStack_Internship_At_HindukushSoft Technologies)/internship ( HindukushSoft Technologies )/Week6/Day29/vendor/laravel/framework/src/Illuminate/Foundation/Console/OptimizeClearCommand.php(48): Illuminate/Console/Command->callSilently('cache:clear')
#30 D:/tasks/Hamdan(FullStack_Internship_At_HindukushSoft Technologies)/internship ( HindukushSoft Technologies )/Week6/Day29/vendor/laravel/framework/src/Illuminate/Console/View/Components/Task.php(41): Illuminate/Foundation/Console/OptimizeClearCommand->Illuminate/Foundation/Console/{closure}()
#31 D:/tasks/Hamdan(FullStack_Internship_At_HindukushSoft Technologies)/internship ( HindukushSoft Technologies )/Week6/Day29/vendor/laravel/framework/src/Illuminate/Console/View/Components/Factory.php(59): Illuminate/Console/View/Components/Task->render('cache', Object(Closure))
#32 D:/tasks/Hamdan(FullStack_Internship_At_HindukushSoft Technologies)/internship ( HindukushSoft Technologies )/Week6/Day29/vendor/laravel/framework/src/Illuminate/Foundation/Console/OptimizeClearCommand.php(48): Illuminate/Console/View/Components/Factory->__call('task', Array)
#33 D:/tasks/Hamdan(FullStack_Internship_At_HindukushSoft Technologies)/internship ( HindukushSoft Technologies )/Week6/Day29/vendor/laravel/framework/src/Illuminate/Container/BoundMethod.php(36): Illuminate/Foundation/Console/OptimizeClearCommand->handle()
#34 D:/tasks/Hamdan(FullStack_Internship_At_HindukushSoft Technologies)/internship ( HindukushSoft Technologies )/Week6/Day29/vendor/laravel/framework/src/Illuminate/Container/Util.php(43): Illuminate/Container/BoundMethod::Illuminate/Container/{closure}()
#35 D:/tasks/Hamdan(FullStack_Internship_At_HindukushSoft Technologies)/internship ( HindukushSoft Technologies )/Week6/Day29/vendor/laravel/framework/src/Illuminate/Container/BoundMethod.php(96): Illuminate/Container/Util::unwrapIfClosure(Object(Closure))
#36 D:/tasks/Hamdan(FullStack_Internship_At_HindukushSoft Technologies)/internship ( HindukushSoft Technologies )/Week6/Day29/vendor/laravel/framework/src/Illuminate/Container/BoundMethod.php(35): Illuminate/Container/BoundMethod::callBoundMethod(Object(Illuminate/Foundation/Application), Array, Object(Closure))
#37 D:/tasks/Hamdan(FullStack_Internship_At_HindukushSoft Technologies)/internship ( HindukushSoft Technologies )/Week6/Day29/vendor/laravel/framework/src/Illuminate/Container/Container.php(799): Illuminate/Container/BoundMethod::call(Object(Illuminate/Foundation/Application), Array, Array, NULL)
#38 D:/tasks/Hamdan(FullStack_Internship_At_HindukushSoft Technologies)/internship ( HindukushSoft Technologies )/Week6/Day29/vendor/laravel/framework/src/Illuminate/Console/Command.php(211): Illuminate/Container/Container->call(Array)
#39 D:/tasks/Hamdan(FullStack_Internship_At_HindukushSoft Technologies)/internship ( HindukushSoft Technologies )/Week6/Day29/vendor/symfony/console/Command/Command.php(341): Illuminate/Console/Command->execute(Object(Symfony/Component/Console/Input/ArgvInput), Object(Illuminate/Console/OutputStyle))
#40 D:/tasks/Hamdan(FullStack_Internship_At_HindukushSoft Technologies)/internship ( HindukushSoft Technologies )/Week6/Day29/vendor/laravel/framework/src/Illuminate/Console/Command.php(180): Symfony/Component/Console/Command/Command->run(Object(Symfony/Component/Console/Input/ArgvInput), Object(Illuminate/Console/OutputStyle))
#41 D:/tasks/Hamdan(FullStack_Internship_At_HindukushSoft Technologies)/internship ( HindukushSoft Technologies )/Week6/Day29/vendor/symfony/console/Application.php(1117): Illuminate/Console/Command->run(Object(Symfony/Component/Console/Input/ArgvInput), Object(Symfony/Component/Console/Output/ConsoleOutput))
#42 D:/tasks/Hamdan(FullStack_Internship_At_HindukushSoft Technologies)/internship ( HindukushSoft Technologies )/Week6/Day29/vendor/symfony/console/Application.php(356): Symfony/Component/Console/Application->doRunCommand(Object(Illuminate/Foundation/Console/OptimizeClearCommand), Object(Symfony/Component/Console/Input/ArgvInput), Object(Symfony/Component/Console/Output/ConsoleOutput))
#43 D:/tasks/Hamdan(FullStack_Internship_At_HindukushSoft Technologies)/internship ( HindukushSoft Technologies )/Week6/Day29/vendor/symfony/console/Application.php(195): Symfony/Component/Console/Application->doRun(Object(Symfony/Component/Console/Input/ArgvInput), Object(Symfony/Component/Console/Output/ConsoleOutput))
#44 D:/tasks/Hamdan(FullStack_Internship_At_HindukushSoft Technologies)/internship ( HindukushSoft Technologies )/Week6/Day29/vendor/laravel/framework/src/Illuminate/Foundation/Console/Kernel.php(198): Symfony/Component/Console/Application->run(Object(Symfony/Component/Console/Input/ArgvInput), Object(Symfony/Component/Console/Output/ConsoleOutput))
#45 D:/tasks/Hamdan(FullStack_Internship_At_HindukushSoft Technologies)/internship ( HindukushSoft Technologies )/Week6/Day29/vendor/laravel/framework/src/Illuminate/Foundation/Application.php(1235): Illuminate/Foundation/Console/Kernel->handle(Object(Symfony/Component/Console/Input/ArgvInput), Object(Symfony/Component/Console/Output/ConsoleOutput))
#46 D:/tasks/Hamdan(FullStack_Internship_At_HindukushSoft Technologies)/internship ( HindukushSoft Technologies )/Week6/Day29/artisan(16): Illuminate/Foundation/Application->handleCommand(Object(Symfony/Component/Console/Input/ArgvInput))
#47 {main}
"} 
[2026-08-19 18:07:08] local.ERROR: SQLSTATE[HY000] [2002] No connection could be made because the target machine actively refused it (Connection: mysql, Host: 127.0.0.1, Port: 3306, Database: week6_day29, SQL: delete from `cache`) {"exception":"[object] (Illuminate\\Database\\QueryException(code: 2002): SQLSTATE[HY000] [2002] No connection could be made because the target machine actively refused it (Connection: mysql, Host: 127.0.0.1, Port: 3306, Database: week6_day29, SQL: delete from `cache`) at D:/tasks/Hamdan(FullStack_Internship_At_HindukushSoft Technologies)/internship ( HindukushSoft Technologies )/Week6/Day29/vendor/laravel/framework/src/Illuminate/Database/Connection.php:838)
[stacktrace]
#0 D:/tasks/Hamdan(FullStack_Internship_At_HindukushSoft Technologies)/internship ( HindukushSoft Technologies )/Week6/Day29/vendor/laravel/framework/src/Illuminate/Database/Connection.php(999): Illuminate/Database/Connection->runQueryCallback('delete from `ca...', Array, Object(Closure))
#1 D:/tasks/Hamdan(FullStack_Internship_At_HindukushSoft Technologies)/internship ( HindukushSoft Technologies )/Week6/Day29/vendor/laravel/framework/src/Illuminate/Database/Connection.php(978): Illuminate/Database/Connection->tryAgainIfCausedByLostConnection(Object(Illuminate/Database/QueryException), 'delete from `ca...', Array, Object(Closure))
#2 D:/tasks/Hamdan(FullStack_Internship_At_HindukushSoft Technologies)/internship ( HindukushSoft Technologies )/Week6/Day29/vendor/laravel/framework/src/Illuminate/Database/Connection.php(796): Illuminate/Database/Connection->handleQueryException(Object(Illuminate/Database/QueryException), 'delete from `ca...', Array, Object(Closure))
#3 D:/tasks/Hamdan(FullStack_Internship_At_HindukushSoft Technologies)/internship ( HindukushSoft Technologies )/Week6/Day29/vendor/laravel/framework/src/Illuminate/Database/Connection.php(597): Illuminate/Database/Connection->run('delete from `ca...', Array, Object(Closure))
#4 D:/tasks/Hamdan(FullStack_Internship_At_HindukushSoft Technologies)/internship ( HindukushSoft Technologies )/Week6/Day29/vendor/laravel/framework/src/Illuminate/Database/Connection.php(561): Illuminate/Database/Connection->affectingStatement('delete from `ca...', Array)
#5 D:/tasks/Hamdan(FullStack_Internship_At_HindukushSoft Technologies)/internship ( HindukushSoft Technologies )/Week6/Day29/vendor/laravel/framework/src/Illuminate/Database/Query/Builder.php(4426): Illuminate/Database/Connection->delete('delete from `ca...', Array)
#6 D:/tasks/Hamdan(FullStack_Internship_At_HindukushSoft Technologies)/internship ( HindukushSoft Technologies )/Week6/Day29/vendor/laravel/framework/src/Illuminate/Cache/DatabaseStore.php(433): Illuminate/Database/Query/Builder->delete()
#7 D:/tasks/Hamdan(FullStack_Internship_At_HindukushSoft Technologies)/internship ( HindukushSoft Technologies )/Week6/Day29/vendor/laravel/framework/src/Illuminate/Cache/Repository.php(979): Illuminate/Cache/DatabaseStore->flush()
#8 D:/tasks/Hamdan(FullStack_Internship_At_HindukushSoft Technologies)/internship ( HindukushSoft Technologies )/Week6/Day29/vendor/laravel/framework/src/Illuminate/Cache/Console/ClearCommand.php(68): Illuminate/Cache/Repository->__call('flush', Array)
#9 D:/tasks/Hamdan(FullStack_Internship_At_HindukushSoft Technologies)/internship ( HindukushSoft Technologies )/Week6/Day29/vendor/laravel/framework/src/Illuminate/Container/BoundMethod.php(36): Illuminate/Cache/Console/ClearCommand->handle()
#10 D:/tasks/Hamdan(FullStack_Internship_At_HindukushSoft Technologies)/internship ( HindukushSoft Technologies )/Week6/Day29/vendor/laravel/framework/src/Illuminate/Container/Util.php(43): Illuminate/Container/BoundMethod::Illuminate/Container/{closure}()
#11 D:/tasks/Hamdan(FullStack_Internship_At_HindukushSoft Technologies)/internship ( HindukushSoft Technologies )/Week6/Day29/vendor/laravel/framework/src/Illuminate/Container/BoundMethod.php(96): Illuminate/Container/Util::unwrapIfClosure(Object(Closure))
#12 D:/tasks/Hamdan(FullStack_Internship_At_HindukushSoft Technologies)/internship ( HindukushSoft Technologies )/Week6/Day29/vendor/laravel/framework/src/Illuminate/Container/BoundMethod.php(35): Illuminate/Container/BoundMethod::callBoundMethod(Object(Illuminate/Foundation/Application), Array, Object(Closure))
#13 D:/tasks/Hamdan(FullStack_Internship_At_HindukushSoft Technologies)/internship ( HindukushSoft Technologies )/Week6/Day29/vendor/laravel/framework/src/Illuminate/Container/Container.php(799): Illuminate/Container/BoundMethod::call(Object(Illuminate/Foundation/Application), Array, Array, NULL)
#14 D:/tasks/Hamdan(FullStack_Internship_At_HindukushSoft Technologies)/internship ( HindukushSoft Technologies )/Week6/Day29/vendor/laravel/framework/src/Illuminate/Console/Command.php(211): Illuminate/Container/Container->call(Array)
#15 D:/tasks/Hamdan(FullStack_Internship_At_HindukushSoft Technologies)/internship ( HindukushSoft Technologies )/Week6/Day29/vendor/symfony/console/Command/Command.php(341): Illuminate/Console/Command->execute(Object(Symfony/Component/Console/Input/ArrayInput), Object(Illuminate/Console/OutputStyle))
#16 D:/tasks/Hamdan(FullStack_Internship_At_HindukushSoft Technologies)/internship ( HindukushSoft Technologies )/Week6/Day29/vendor/laravel/framework/src/Illuminate/Console/Command.php(180): Symfony/Component/Console/Command/Command->run(Object(Symfony/Component/Console/Input/ArrayInput), Object(Illuminate/Console/OutputStyle))
#17 D:/tasks/Hamdan(FullStack_Internship_At_HindukushSoft Technologies)/internship ( HindukushSoft Technologies )/Week6/Day29/vendor/laravel/framework/src/Illuminate/Console/Concerns/CallsCommands.php(68): Illuminate/Console/Command->run(Object(Symfony/Component/Console/Input/ArrayInput), Object(Symfony/Component/Console/Output/NullOutput))
#18 D:/tasks/Hamdan(FullStack_Internship_At_HindukushSoft Technologies)/internship ( HindukushSoft Technologies )/Week6/Day29/vendor/laravel/framework/src/Illuminate/Console/Concerns/CallsCommands.php(41): Illuminate/Console/Command->runCommand('cache:clear', Array, Object(Symfony/Component/Console/Output/NullOutput))
#19 D:/tasks/Hamdan(FullStack_Internship_At_HindukushSoft Technologies)/internship ( HindukushSoft Technologies )/Week6/Day29/vendor/laravel/framework/src/Illuminate/Console/Concerns/CallsCommands.php(53): Illuminate/Console/Command->callSilent('cache:clear', Array)
#20 D:/tasks/Hamdan(FullStack_Internship_At_HindukushSoft Technologies)/internship ( HindukushSoft Technologies )/Week6/Day29/vendor/laravel/framework/src/Illuminate/Foundation/Console/OptimizeClearCommand.php(48): Illuminate/Console/Command->callSilently('cache:clear')
#21 D:/tasks/Hamdan(FullStack_Internship_At_HindukushSoft Technologies)/internship ( HindukushSoft Technologies )/Week6/Day29/vendor/laravel/framework/src/Illuminate/Console/View/Components/Task.php(41): Illuminate/Foundation/Console/OptimizeClearCommand->Illuminate/Foundation/Console/{closure}()
#22 D:/tasks/Hamdan(FullStack_Internship_At_HindukushSoft Technologies)/internship ( HindukushSoft Technologies )/Week6/Day29/vendor/laravel/framework/src/Illuminate/Console/View/Components/Factory.php(59): Illuminate/Console/View/Components/Task->render('cache', Object(Closure))
#23 D:/tasks/Hamdan(FullStack_Internship_At_HindukushSoft Technologies)/internship ( HindukushSoft Technologies )/Week6/Day29/vendor/laravel/framework/src/Illuminate/Foundation/Console/OptimizeClearCommand.php(48): Illuminate/Console/View/Components/Factory->__call('task', Array)
#24 D:/tasks/Hamdan(FullStack_Internship_At_HindukushSoft Technologies)/internship ( HindukushSoft Technologies )/Week6/Day29/vendor/laravel/framework/src/Illuminate/Container/BoundMethod.php(36): Illuminate/Foundation/Console/OptimizeClearCommand->handle()
#25 D:/tasks/Hamdan(FullStack_Internship_At_HindukushSoft Technologies)/internship ( HindukushSoft Technologies )/Week6/Day29/vendor/laravel/framework/src/Illuminate/Container/Util.php(43): Illuminate/Container/BoundMethod::Illuminate/Container/{closure}()
#26 D:/tasks/Hamdan(FullStack_Internship_At_HindukushSoft Technologies)/internship ( HindukushSoft Technologies )/Week6/Day29/vendor/laravel/framework/src/Illuminate/Container/BoundMethod.php(96): Illuminate/Container/Util::unwrapIfClosure(Object(Closure))
#27 D:/tasks/Hamdan(FullStack_Internship_At_HindukushSoft Technologies)/internship ( HindukushSoft Technologies )/Week6/Day29/vendor/laravel/framework/src/Illuminate/Container/BoundMethod.php(35): Illuminate/Container/BoundMethod::callBoundMethod(Object(Illuminate/Foundation/Application), Array, Object(Closure))
#28 D:/tasks/Hamdan(FullStack_Internship_At_HindukushSoft Technologies)/internship ( HindukushSoft Technologies )/Week6/Day29/vendor/laravel/framework/src/Illuminate/Container/Container.php(799): Illuminate/Container/BoundMethod::call(Object(Illuminate/Foundation/Application), Array, Array, NULL)
#29 D:/tasks/Hamdan(FullStack_Internship_At_HindukushSoft Technologies)/internship ( HindukushSoft Technologies )/Week6/Day29/vendor/laravel/framework/src/Illuminate/Console/Command.php(211): Illuminate/Container/Container->call(Array)
#30 D:/tasks/Hamdan(FullStack_Internship_At_HindukushSoft Technologies)/internship ( HindukushSoft Technologies )/Week6/Day29/vendor/symfony/console/Command/Command.php(341): Illuminate/Console/Command->execute(Object(Symfony/Component/Console/Input/ArgvInput), Object(Illuminate/Console/OutputStyle))
#31 D:/tasks/Hamdan(FullStack_Internship_At_HindukushSoft Technologies)/internship ( HindukushSoft Technologies )/Week6/Day29/vendor/laravel/framework/src/Illuminate/Console/Command.php(180): Symfony/Component/Console/Command/Command->run(Object(Symfony/Component/Console/Input/ArgvInput), Object(Illuminate/Console/OutputStyle))
#32 D:/tasks/Hamdan(FullStack_Internship_At_HindukushSoft Technologies)/internship ( HindukushSoft Technologies )/Week6/Day29/vendor/symfony/console/Application.php(1117): Illuminate/Console/Command->run(Object(Symfony/Component/Console/Input/ArgvInput), Object(Symfony/Component/Console/Output/ConsoleOutput))
#33 D:/tasks/Hamdan(FullStack_Internship_At_HindukushSoft Technologies)/internship ( HindukushSoft Technologies )/Week6/Day29/vendor/symfony/console/Application.php(356): Symfony/Component/Console/Application->doRunCommand(Object(Illuminate/Foundation/Console/OptimizeClearCommand), Object(Symfony/Component/Console/Input/ArgvInput), Object(Symfony/Component/Console/Output/ConsoleOutput))
#34 D:/tasks/Hamdan(FullStack_Internship_At_HindukushSoft Technologies)/internship ( HindukushSoft Technologies )/Week6/Day29/vendor/symfony/console/Application.php(195): Symfony/Component/Console/Application->doRun(Object(Symfony/Component/Console/Input/ArgvInput), Object(Symfony/Component/Console/Output/ConsoleOutput))
#35 D:/tasks/Hamdan(FullStack_Internship_At_HindukushSoft Technologies)/internship ( HindukushSoft Technologies )/Week6/Day29/vendor/laravel/framework/src/Illuminate/Foundation/Console/Kernel.php(198): Symfony/Component/Console/Application->run(Object(Symfony/Component/Console/Input/ArgvInput), Object(Symfony/Component/Console/Output/ConsoleOutput))
#36 D:/tasks/Hamdan(FullStack_Internship_At_HindukushSoft Technologies)/internship ( HindukushSoft Technologies )/Week6/Day29/vendor/laravel/framework/src/Illuminate/Foundation/Application.php(1235): Illuminate/Foundation/Console/Kernel->handle(Object(Symfony/Component/Console/Input/ArgvInput), Object(Symfony/Component/Console/Output/ConsoleOutput))
#37 D:/tasks/Hamdan(FullStack_Internship_At_HindukushSoft Technologies)/internship ( HindukushSoft Technologies )/Week6/Day29/artisan(16): Illuminate/Foundation/Application->handleCommand(Object(Symfony/Component/Console/Input/ArgvInput))
#38 {main}

[previous exception] [object] (PDOException(code: 2002): SQLSTATE[HY000] [2002] No connection could be made because the target machine actively refused it at D:/tasks/Hamdan(FullStack_Internship_At_HindukushSoft Technologies)/internship ( HindukushSoft Technologies )/Week6/Day29/vendor/laravel/framework/src/Illuminate/Database/Connectors/Connector.php:66)
[stacktrace]
#0 D:/tasks/Hamdan(FullStack_Internship_At_HindukushSoft Technologies)/internship ( HindukushSoft Technologies )/Week6/Day29/vendor/laravel/framework/src/Illuminate/Database/Connectors/Connector.php(66): PDO->__construct('mysql:host=127....', 'root', Object(SensitiveParameterValue), Array)
#1 D:/tasks/Hamdan(FullStack_Internship_At_HindukushSoft Technologies)/internship ( HindukushSoft Technologies )/Week6/Day29/vendor/laravel/framework/src/Illuminate/Database/Connectors/Connector.php(85): Illuminate/Database/Connectors/Connector->createPdoConnection('mysql:host=127....', 'root', Object(SensitiveParameterValue), Array)
#2 D:/tasks/Hamdan(FullStack_Internship_At_HindukushSoft Technologies)/internship ( HindukushSoft Technologies )/Week6/Day29/vendor/laravel/framework/src/Illuminate/Database/Connectors/Connector.php(48): Illuminate/Database/Connectors/Connector->tryAgainIfCausedByLostConnection(Object(PDOException), 'mysql:host=127....', 'root', Object(SensitiveParameterValue), Array)
#3 D:/tasks/Hamdan(FullStack_Internship_At_HindukushSoft Technologies)/internship ( HindukushSoft Technologies )/Week6/Day29/vendor/laravel/framework/src/Illuminate/Database/Connectors/MySqlConnector.php(24): Illuminate/Database/Connectors/Connector->createConnection('mysql:host=127....', Array, Array)
#4 D:/tasks/Hamdan(FullStack_Internship_At_HindukushSoft Technologies)/internship ( HindukushSoft Technologies )/Week6/Day29/vendor/laravel/framework/src/Illuminate/Database/Connectors/ConnectionFactory.php(186): Illuminate/Database/Connectors/MySqlConnector->connect(Array)
#5 [internal function]: Illuminate/Database/Connectors/ConnectionFactory->Illuminate/Database/Connectors/{closure}()
#6 D:/tasks/Hamdan(FullStack_Internship_At_HindukushSoft Technologies)/internship ( HindukushSoft Technologies )/Week6/Day29/vendor/laravel/framework/src/Illuminate/Database/Connection.php(1257): call_user_func(Object(Closure))
#7 D:/tasks/Hamdan(FullStack_Internship_At_HindukushSoft Technologies)/internship ( HindukushSoft Technologies )/Week6/Day29/vendor/laravel/framework/src/Illuminate/Database/Connection.php(605): Illuminate/Database/Connection->getPdo()
#8 D:/tasks/Hamdan(FullStack_Internship_At_HindukushSoft Technologies)/internship ( HindukushSoft Technologies )/Week6/Day29/vendor/laravel/framework/src/Illuminate/Database/Connection.php(827): Illuminate/Database/Connection->Illuminate/Database/{closure}('delete from `ca...', Array)
#9 D:/tasks/Hamdan(FullStack_Internship_At_HindukushSoft Technologies)/internship ( HindukushSoft Technologies )/Week6/Day29/vendor/laravel/framework/src/Illuminate/Database/Connection.php(999): Illuminate/Database/Connection->runQueryCallback('delete from `ca...', Array, Object(Closure))
#10 D:/tasks/Hamdan(FullStack_Internship_At_HindukushSoft Technologies)/internship ( HindukushSoft Technologies )/Week6/Day29/vendor/laravel/framework/src/Illuminate/Database/Connection.php(978): Illuminate/Database/Connection->tryAgainIfCausedByLostConnection(Object(Illuminate/Database/QueryException), 'delete from `ca...', Array, Object(Closure))
#11 D:/tasks/Hamdan(FullStack_Internship_At_HindukushSoft Technologies)/internship ( HindukushSoft Technologies )/Week6/Day29/vendor/laravel/framework/src/Illuminate/Database/Connection.php(796): Illuminate/Database/Connection->handleQueryException(Object(Illuminate/Database/QueryException), 'delete from `ca...', Array, Object(Closure))
#12 D:/tasks/Hamdan(FullStack_Internship_At_HindukushSoft Technologies)/internship ( HindukushSoft Technologies )/Week6/Day29/vendor/laravel/framework/src/Illuminate/Database/Connection.php(597): Illuminate/Database/Connection->run('delete from `ca...', Array, Object(Closure))
#13 D:/tasks/Hamdan(FullStack_Internship_At_HindukushSoft Technologies)/internship ( HindukushSoft Technologies )/Week6/Day29/vendor/laravel/framework/src/Illuminate/Database/Connection.php(561): Illuminate/Database/Connection->affectingStatement('delete from `ca...', Array)
#14 D:/tasks/Hamdan(FullStack_Internship_At_HindukushSoft Technologies)/internship ( HindukushSoft Technologies )/Week6/Day29/vendor/laravel/framework/src/Illuminate/Database/Query/Builder.php(4426): Illuminate/Database/Connection->delete('delete from `ca...', Array)
#15 D:/tasks/Hamdan(FullStack_Internship_At_HindukushSoft Technologies)/internship ( HindukushSoft Technologies )/Week6/Day29/vendor/laravel/framework/src/Illuminate/Cache/DatabaseStore.php(433): Illuminate/Database/Query/Builder->delete()
#16 D:/tasks/Hamdan(FullStack_Internship_At_HindukushSoft Technologies)/internship ( HindukushSoft Technologies )/Week6/Day29/vendor/laravel/framework/src/Illuminate/Cache/Repository.php(979): Illuminate/Cache/DatabaseStore->flush()
#17 D:/tasks/Hamdan(FullStack_Internship_At_HindukushSoft Technologies)/internship ( HindukushSoft Technologies )/Week6/Day29/vendor/laravel/framework/src/Illuminate/Cache/Console/ClearCommand.php(68): Illuminate/Cache/Repository->__call('flush', Array)
#18 D:/tasks/Hamdan(FullStack_Internship_At_HindukushSoft Technologies)/internship ( HindukushSoft Technologies )/Week6/Day29/vendor/laravel/framework/src/Illuminate/Container/BoundMethod.php(36): Illuminate/Cache/Console/ClearCommand->handle()
#19 D:/tasks/Hamdan(FullStack_Internship_At_HindukushSoft Technologies)/internship ( HindukushSoft Technologies )/Week6/Day29/vendor/laravel/framework/src/Illuminate/Container/Util.php(43): Illuminate/Container/BoundMethod::Illuminate/Container/{closure}()
#20 D:/tasks/Hamdan(FullStack_Internship_At_HindukushSoft Technologies)/internship ( HindukushSoft Technologies )/Week6/Day29/vendor/laravel/framework/src/Illuminate/Container/BoundMethod.php(96): Illuminate/Container/Util::unwrapIfClosure(Object(Closure))
#21 D:/tasks/Hamdan(FullStack_Internship_At_HindukushSoft Technologies)/internship ( HindukushSoft Technologies )/Week6/Day29/vendor/laravel/framework/src/Illuminate/Container/BoundMethod.php(35): Illuminate/Container/BoundMethod::callBoundMethod(Object(Illuminate/Foundation/Application), Array, Object(Closure))
#22 D:/tasks/Hamdan(FullStack_Internship_At_HindukushSoft Technologies)/internship ( HindukushSoft Technologies )/Week6/Day29/vendor/laravel/framework/src/Illuminate/Container/Container.php(799): Illuminate/Container/BoundMethod::call(Object(Illuminate/Foundation/Application), Array, Array, NULL)
#23 D:/tasks/Hamdan(FullStack_Internship_At_HindukushSoft Technologies)/internship ( HindukushSoft Technologies )/Week6/Day29/vendor/laravel/framework/src/Illuminate/Console/Command.php(211): Illuminate/Container/Container->call(Array)
#24 D:/tasks/Hamdan(FullStack_Internship_At_HindukushSoft Technologies)/internship ( HindukushSoft Technologies )/Week6/Day29/vendor/symfony/console/Command/Command.php(341): Illuminate/Console/Command->execute(Object(Symfony/Component/Console/Input/ArrayInput), Object(Illuminate/Console/OutputStyle))
#25 D:/tasks/Hamdan(FullStack_Internship_At_HindukushSoft Technologies)/internship ( HindukushSoft Technologies )/Week6/Day29/vendor/laravel/framework/src/Illuminate/Console/Command.php(180): Symfony/Component/Console/Command/Command->run(Object(Symfony/Component/Console/Input/ArrayInput), Object(Illuminate/Console/OutputStyle))
#26 D:/tasks/Hamdan(FullStack_Internship_At_HindukushSoft Technologies)/internship ( HindukushSoft Technologies )/Week6/Day29/vendor/laravel/framework/src/Illuminate/Console/Concerns/CallsCommands.php(68): Illuminate/Console/Command->run(Object(Symfony/Component/Console/Input/ArrayInput), Object(Symfony/Component/Console/Output/NullOutput))
#27 D:/tasks/Hamdan(FullStack_Internship_At_HindukushSoft Technologies)/internship ( HindukushSoft Technologies )/Week6/Day29/vendor/laravel/framework/src/Illuminate/Console/Concerns/CallsCommands.php(41): Illuminate/Console/Command->runCommand('cache:clear', Array, Object(Symfony/Component/Console/Output/NullOutput))
#28 D:/tasks/Hamdan(FullStack_Internship_At_HindukushSoft Technologies)/internship ( HindukushSoft Technologies )/Week6/Day29/vendor/laravel/framework/src/Illuminate/Console/Concerns/CallsCommands.php(53): Illuminate/Console/Command->callSilent('cache:clear', Array)
#29 D:/tasks/Hamdan(FullStack_Internship_At_HindukushSoft Technologies)/internship ( HindukushSoft Technologies )/Week6/Day29/vendor/laravel/framework/src/Illuminate/Foundation/Console/OptimizeClearCommand.php(48): Illuminate/Console/Command->callSilently('cache:clear')
#30 D:/tasks/Hamdan(FullStack_Internship_At_HindukushSoft Technologies)/internship ( HindukushSoft Technologies )/Week6/Day29/vendor/laravel/framework/src/Illuminate/Console/View/Components/Task.php(41): Illuminate/Foundation/Console/OptimizeClearCommand->Illuminate/Foundation/Console/{closure}()
#31 D:/tasks/Hamdan(FullStack_Internship_At_HindukushSoft Technologies)/internship ( HindukushSoft Technologies )/Week6/Day29/vendor/laravel/framework/src/Illuminate/Console/View/Components/Factory.php(59): Illuminate/Console/View/Components/Task->render('cache', Object(Closure))
#32 D:/tasks/Hamdan(FullStack_Internship_At_HindukushSoft Technologies)/internship ( HindukushSoft Technologies )/Week6/Day29/vendor/laravel/framework/src/Illuminate/Foundation/Console/OptimizeClearCommand.php(48): Illuminate/Console/View/Components/Factory->__call('task', Array)
#33 D:/tasks/Hamdan(FullStack_Internship_At_HindukushSoft Technologies)/internship ( HindukushSoft Technologies )/Week6/Day29/vendor/laravel/framework/src/Illuminate/Container/BoundMethod.php(36): Illuminate/Foundation/Console/OptimizeClearCommand->handle()
#34 D:/tasks/Hamdan(FullStack_Internship_At_HindukushSoft Technologies)/internship ( HindukushSoft Technologies )/Week6/Day29/vendor/laravel/framework/src/Illuminate/Container/Util.php(43): Illuminate/Container/BoundMethod::Illuminate/Container/{closure}()
#35 D:/tasks/Hamdan(FullStack_Internship_At_HindukushSoft Technologies)/internship ( HindukushSoft Technologies )/Week6/Day29/vendor/laravel/framework/src/Illuminate/Container/BoundMethod.php(96): Illuminate/Container/Util::unwrapIfClosure(Object(Closure))
#36 D:/tasks/Hamdan(FullStack_Internship_At_HindukushSoft Technologies)/internship ( HindukushSoft Technologies )/Week6/Day29/vendor/laravel/framework/src/Illuminate/Container/BoundMethod.php(35): Illuminate/Container/BoundMethod::callBoundMethod(Object(Illuminate/Foundation/Application), Array, Object(Closure))
#37 D:/tasks/Hamdan(FullStack_Internship_At_HindukushSoft Technologies)/internship ( HindukushSoft Technologies )/Week6/Day29/vendor/laravel/framework/src/Illuminate/Container/Container.php(799): Illuminate/Container/BoundMethod::call(Object(Illuminate/Foundation/Application), Array, Array, NULL)
#38 D:/tasks/Hamdan(FullStack_Internship_At_HindukushSoft Technologies)/internship ( HindukushSoft Technologies )/Week6/Day29/vendor/laravel/framework/src/Illuminate/Console/Command.php(211): Illuminate/Container/Container->call(Array)
#39 D:/tasks/Hamdan(FullStack_Internship_At_HindukushSoft Technologies)/internship ( HindukushSoft Technologies )/Week6/Day29/vendor/symfony/console/Command/Command.php(341): Illuminate/Console/Command->execute(Object(Symfony/Component/Console/Input/ArgvInput), Object(Illuminate/Console/OutputStyle))
#40 D:/tasks/Hamdan(FullStack_Internship_At_HindukushSoft Technologies)/internship ( HindukushSoft Technologies )/Week6/Day29/vendor/laravel/framework/src/Illuminate/Console/Command.php(180): Symfony/Component/Console/Command/Command->run(Object(Symfony/Component/Console/Input/ArgvInput), Object(Illuminate/Console/OutputStyle))
#41 D:/tasks/Hamdan(FullStack_Internship_At_HindukushSoft Technologies)/internship ( HindukushSoft Technologies )/Week6/Day29/vendor/symfony/console/Application.php(1117): Illuminate/Console/Command->run(Object(Symfony/Component/Console/Input/ArgvInput), Object(Symfony/Component/Console/Output/ConsoleOutput))
#42 D:/tasks/Hamdan(FullStack_Internship_At_HindukushSoft Technologies)/internship ( HindukushSoft Technologies )/Week6/Day29/vendor/symfony/console/Application.php(356): Symfony/Component/Console/Application->doRunCommand(Object(Illuminate/Foundation/Console/OptimizeClearCommand), Object(Symfony/Component/Console/Input/ArgvInput), Object(Symfony/Component/Console/Output/ConsoleOutput))
#43 D:/tasks/Hamdan(FullStack_Internship_At_HindukushSoft Technologies)/internship ( HindukushSoft Technologies )/Week6/Day29/vendor/symfony/console/Application.php(195): Symfony/Component/Console/Application->doRun(Object(Symfony/Component/Console/Input/ArgvInput), Object(Symfony/Component/Console/Output/ConsoleOutput))
#44 D:/tasks/Hamdan(FullStack_Internship_At_HindukushSoft Technologies)/internship ( HindukushSoft Technologies )/Week6/Day29/vendor/laravel/framework/src/Illuminate/Foundation/Console/Kernel.php(198): Symfony/Component/Console/Application->run(Object(Symfony/Component/Console/Input/ArgvInput), Object(Symfony/Component/Console/Output/ConsoleOutput))
#45 D:/tasks/Hamdan(FullStack_Internship_At_HindukushSoft Technologies)/internship ( HindukushSoft Technologies )/Week6/Day29/vendor/laravel/framework/src/Illuminate/Foundation/Application.php(1235): Illuminate/Foundation/Console/Kernel->handle(Object(Symfony/Component/Console/Input/ArgvInput), Object(Symfony/Component/Console/Output/ConsoleOutput))
#46 D:/tasks/Hamdan(FullStack_Internship_At_HindukushSoft Technologies)/internship ( HindukushSoft Technologies )/Week6/Day29/artisan(16): Illuminate/Foundation/Application->handleCommand(Object(Symfony/Component/Console/Input/ArgvInput))
#47 {main}
"} 
